----------------
IN: 
0xfffffff0:  
OBJD-T: ea5be000f0

----------------
IN: 
0x000fe05b:  
OBJD-T: 2e66833e0862000f8545f0

----------------
IN: 
0x000fe066:  
OBJD-T: 31d28ed2

----------------
IN: 
0x000fe06a:  
OBJD-T: 66bc00700000

----------------
IN: 
0x000fe070:  
OBJD-T: 66bace060f00e9acee

----------------
IN: 
0x000fcf25:  
OBJD-T: fafc6689c166b88f000000e670

----------------
IN: 
0x000fcf32:  
OBJD-T: e471

----------------
IN: 
0x000fcf34:  
OBJD-T: e492

----------------
IN: 
0x000fcf36:  
OBJD-T: 0c02e692

----------------
IN: 
0x000fcf3a:  
OBJD-T: 6689c82e0f011ef8612e0f0116b8610f20c16681e1ffffff1f6683c9010f22c1

----------------
IN: 
0x000fcf5a:  
OBJD-T: 66ea62cf0f000800

----------------
IN: 
0x000fcf62:  
OBJD-T: b9100000008ed9

----------------
IN: 
0x000fcf69:  
OBJD-T: 8ec1

----------------
IN: 
0x000fcf6b:  
OBJD-T: 8ed1

----------------
IN: 
0x000fcf6d:  
OBJD-T: 8ee1

----------------
IN: 
0x000fcf6f:  
OBJD-T: 8ee9ffe2

----------------
IN: 
0x000f06ce:  
OBJD-T: 5383ec20e8f5c7ffff

----------------
IN: 
0x000ececc:  
OBJD-T: 68704a0f0068130f0f00e8deffffff

----------------
IN: 
0x000eceb9:  
OBJD-T: 8d4c24088b542404b8084a0f00e8a6f7ffff

----------------
IN: 
0x000ec671:  
OBJD-T: 5557565383ec0889c589d789cb0fbe1784d20f8441020000

----------------
IN: 
0x000ec689:  
OBJD-T: 80fa250f8523020000

----------------
IN: 
0x000ec8b5:  
OBJD-T: 89e8e85fd9ffff

----------------
IN: 
0x000ea21b:  
OBJD-T: 0fbed2ff20

----------------
IN: 
0x000ebd0c:  
OBJD-T: 88d0668b1574600f006685d27401

----------------
IN: 
0x000ebd1a:  
OBJD-T: ee

----------------
IN: 
0x000ebd1b:  
OBJD-T: c3

----------------
IN: 
0x000ec8bc:  
OBJD-T: 89feeb02

----------------
IN: 
0x000ec8c2:  
OBJD-T: 8d7e01e9b4fdffff

----------------
IN: 
0x000ec67e:  
OBJD-T: 0fbe1784d20f8441020000

----------------
IN: 
0x000ec692:  
OBJD-T: 8d7701c604242031c90fb6068d50d080fa09771a

----------------
IN: 
0x000ec6c0:  
OBJD-T: 31d23c6c7512

----------------
IN: 
0x000ec6d8:  
OBJD-T: 3c647468

----------------
IN: 
0x000ec6dc:  
OBJD-T: 7f42

----------------
IN: 
0x000ec720:  
OBJD-T: 3c730f8472010000

----------------
IN: 
0x000ec89a:  
OBJD-T: 8d7b048b1b0fbe1384d2741a

----------------
IN: 
0x000ec8a6:  
OBJD-T: 89e8e86ed9ffff

----------------
IN: 
0x000ec8ad:  
OBJD-T: 43ebef

----------------
IN: 
0x000ec89f:  
OBJD-T: 0fbe1384d2741a

----------------
IN: 
0x000ec8c0:  
OBJD-T: 89fb8d7e01e9b4fdffff

----------------
IN: 
0x000ec8ca:  
OBJD-T: 83c4085b5e5f5dc3

----------------
IN: 
0x000ececb:  
OBJD-T: c3

----------------
IN: 
0x000ecedb:  
OBJD-T: 68204a0f0068290f0f00e8cfffffff

----------------
IN: 
0x000eceea:  
OBJD-T: 83c410c3

----------------
IN: 
0x000f06d7:  
OBJD-T: bb000000408d4c240489e28d44240c508d44240c5089d8e87f9effff

----------------
IN: 
0x000ea572:  
OBJD-T: 5557565389d689cf8b6c24149c5989ca81f200002000529d

----------------
IN: 
0x000ea58a:  
OBJD-T: 9c5a519d

----------------
IN: 
0x000ea58e:  
OBJD-T: 31ca0fbae2157211

----------------
IN: 
0x000ea5a7:  
OBJD-T: 0fa28906891f894d008b44241889105b5e5f5dc3

----------------
IN: 
0x000f06f3:  
OBJD-T: 8b44240c8944241b8b4424108944241f8b44241489442423c6442427008d4424
OBJD-T: 1bbaac410f00e8909cffff

----------------
IN: 
0x000ea3ae:  
OBJD-T: 5389c189d331c08a14013a1403740e

----------------
IN: 
0x000ea3bd:  
OBJD-T: b8010000007d0e

----------------
IN: 
0x000ea3c4:  
OBJD-T: b8ffffffffeb07

----------------
IN: 
0x000ea3d2:  
OBJD-T: 5bc3

----------------
IN: 
0x000f071e:  
OBJD-T: 5a5985c07541

----------------
IN: 
0x000f0765:  
OBJD-T: 81c30001000081fb000001400f8565ffffff

----------------
IN: 
0x000f06dc:  
OBJD-T: 8d4c240489e28d44240c508d44240c5089d8e87f9effff

----------------
IN: 
0x000f0777:  
OBJD-T: 833dc04a0f00007507

----------------
IN: 
0x000f0780:  
OBJD-T: 6812420f00eb1a

----------------
IN: 
0x000f07a1:  
OBJD-T: e813c7ffff

----------------
IN: 
0x000f07a6:  
OBJD-T: 58e869e2ffff

----------------
IN: 
0x000eea15:  
OBJD-T: 53e8bfb7ffff

----------------
IN: 
0x000ea1da:  
OBJD-T: a0c0550f00d0e883e001c3

----------------
IN: 
0x000eea1b:  
OBJD-T: 85c07572

----------------
IN: 
0x000eea1f:  
OBJD-T: b8ffffffffe8e8daffff

----------------
IN: 
0x000ec511:  
OBJD-T: 565389c1a8077550

----------------
IN: 
0x000ec569:  
OBJD-T: 41ebcd

----------------
IN: 
0x000ec539:  
OBJD-T: 89c866c1e808752b

----------------
IN: 
0x000ec541:  
OBJD-T: 89c8c1e0082500ffff000d00000080baf80c0000ef

----------------
IN: 
0x000ec556:  
OBJD-T: bafc0c000066ed

----------------
IN: 
0x000ec55d:  
OBJD-T: 486683f8fd760d

----------------
IN: 
0x000ec571:  
OBJD-T: 89c85b5ec3

----------------
IN: 
0x000eea29:  
OBJD-T: 89c385c07857

----------------
IN: 
0x000eea2f:  
OBJD-T: 89d8c1e0082500ffff000d00000080baf80c0000ef

----------------
IN: 
0x000eea44:  
OBJD-T: bafc0c0000ed

----------------
IN: 
0x000eea4a:  
OBJD-T: 663d86807532

----------------
IN: 
0x000eea50:  
OBJD-T: c1e8103d371200007507

----------------
IN: 
0x000eea5a:  
OBJD-T: ba59000000eb0c

----------------
IN: 
0x000eea6d:  
OBJD-T: 0fb7c3e8bddbffff

----------------
IN: 
0x000ec632:  
OBJD-T: 5389d30fb7c889c8c1e00881e2fc00000009d00d00000080baf80c0000ef

----------------
IN: 
0x000ec650:  
OBJD-T: 89da83e2036681c2fc0cec

----------------
IN: 
0x000ec65b:  
OBJD-T: 89daa81089c87508

----------------
IN: 
0x000ec663:  
OBJD-T: b976c5feff5bffe1

----------------
IN: 
0xfffec576:  
OBJD-T: 5557565383ec0889d30fb7c8c1e10889d681e6fc00000009ce81ce00000080bd
OBJD-T: f80c000089f089eaef

----------------
IN: 
0xfffec59f:  
OBJD-T: bafc0c0000ed

----------------
IN: 
0xfffec5a5:  
OBJD-T: 89042489d883e0fc83c00425fc00000009c181c90000008089c889eaef

----------------
IN: 
0xfffec5c2:  
OBJD-T: bafc0c0000ed

----------------
IN: 
0xfffec5c8:  
OBJD-T: 8944240483e3038d141c31c0c6440201334083f80675f5

----------------
IN: 
0xfffec5d4:  
OBJD-T: c6440201334083f80675f5

----------------
IN: 
0xfffec5df:  
OBJD-T: 0fb63c1c83e710c6041c3089f0baf80c0000ef

----------------
IN: 
0xfffec5f2:  
OBJD-T: 8b0424bafc0c0000ef

----------------
IN: 
0xfffec5fb:  
OBJD-T: 89c8baf80c0000ef

----------------
IN: 
0xfffec603:  
OBJD-T: 8b442404bafc0c0000ef

----------------
IN: 
0xfffec60d:  
OBJD-T: 89f884c07517

----------------
IN: 
0xfffec613:  
OBJD-T: b90000100081e9c0400d00bec040fdffbfc0400d00f3a4

----------------
IN: 
0xfffec628:  
OBJD-T: f3a4

----------------
IN: 
0xfffec62a:  
OBJD-T: 83c4085b5e5f5dc3

----------------
IN: 
0x000eea75:  
OBJD-T: e867c9ffff

----------------
IN: 
0x000eb3e1:  
OBJD-T: 833d08620f00007512

----------------
IN: 
0x000eb3ea:  
OBJD-T: b08fe670

----------------
IN: 
0x000eb3ee:  
OBJD-T: 31c0e671

----------------
IN: 
0x000eb3f2:  
OBJD-T: c70508620f0001000000c3

----------------
IN: 
0x000eea7a:  
OBJD-T: 891df8490f00eb0f

----------------
IN: 
0x000eea91:  
OBJD-T: 5bc3

----------------
IN: 
0x000f07ac:  
OBJD-T: e87481ffff

----------------
IN: 
0x000e8925:  
OBJD-T: 5557565383ec70e8b02a0000

----------------
IN: 
0x000eb3fc:  
OBJD-T: c3

----------------
IN: 
0x000e8931:  
OBJD-T: e8a4180000

----------------
IN: 
0x000ea1da:  
OBJD-T: a0c0550f00d0e883e001c3

----------------
IN: 
0x000e8936:  
OBJD-T: 85c07515

----------------
IN: 
0x000e893a:  
OBJD-T: 668b1574600f00ec

----------------
IN: 
0x000e8942:  
OBJD-T: 3ce97409

----------------
IN: 
0x000e8946:  
OBJD-T: 66c70574600f00000031d231c0e86d1b0000

----------------
IN: 
0x000ea4c5:  
OBJD-T: 89d18b15984d0f000fb7c085d2740b

----------------
IN: 
0x000ea4df:  
OBJD-T: c1e00889ca81e2fc00000009d00d00000080baf80c0000ef

----------------
IN: 
0x000ea4f7:  
OBJD-T: 83e1028d91fc0c000066ed

----------------
IN: 
0x000ea502:  
OBJD-T: c3

----------------
IN: 
0x000e8958:  
OBJD-T: 0fb7f08d46ff6683f8fd0f870f020000

----------------
IN: 
0x000e8968:  
OBJD-T: ba0200000031c0e8511b0000

----------------
IN: 
0x000e8974:  
OBJD-T: 0fb7d8ba2c00000031c0e8421b0000

----------------
IN: 
0x000e8983:  
OBJD-T: 89c7ba2e00000031c0e8341b0000

----------------
IN: 
0x000e8991:  
OBJD-T: 6681fff41a0f85db010000

----------------
IN: 
0x000e899c:  
OBJD-T: 663d00110f85d1010000

----------------
IN: 
0x000e89a6:  
OBJD-T: 830dc0550f00016681fb3712740e

----------------
IN: 
0x000e89c2:  
OBJD-T: 68983f0f00e8ed440000

----------------
IN: 
0x000eceb9:  
OBJD-T: 8d4c24088b542404b8084a0f00e8a6f7ffff

----------------
IN: 
0x000ec671:  
OBJD-T: 5557565383ec0889c589d789cb0fbe1784d20f8441020000

----------------
IN: 
0x000ec689:  
OBJD-T: 80fa250f8523020000

----------------
IN: 
0x000ec8b5:  
OBJD-T: 89e8e85fd9ffff

----------------
IN: 
0x000ea21b:  
OBJD-T: 0fbed2ff20

----------------
IN: 
0x000ebd0c:  
OBJD-T: 88d0668b1574600f006685d27401

----------------
IN: 
0x000ebd1b:  
OBJD-T: c3

----------------
IN: 
0x000ec8bc:  
OBJD-T: 89feeb02

----------------
IN: 
0x000ec8c2:  
OBJD-T: 8d7e01e9b4fdffff

----------------
IN: 
0x000ec67e:  
OBJD-T: 0fbe1784d20f8441020000

----------------
IN: 
0x000ec8ca:  
OBJD-T: 83c4085b5e5f5dc3

----------------
IN: 
0x000ececb:  
OBJD-T: c3

----------------
IN: 
0x000e89cc:  
OBJD-T: 5feb0f

----------------
IN: 
0x000e89de:  
OBJD-T: 8d5c241c538d7c241c578d4c241c8d54241831c0e87b1b0000

----------------
IN: 
0x000ea572:  
OBJD-T: 5557565389d689cf8b6c24149c5989ca81f200002000529d

----------------
IN: 
0x000ea58a:  
OBJD-T: 9c5a519d

----------------
IN: 
0x000ea58e:  
OBJD-T: 31ca0fbae2157211

----------------
IN: 
0x000ea5a7:  
OBJD-T: 0fa28906891f894d008b44241889105b5e5f5dc3

----------------
IN: 
0x000e89f7:  
OBJD-T: 8b44241c894424388b4424248944243c8b44242089442440c644244400595e31
OBJD-T: f6837c241000741d

----------------
IN: 
0x000e8a1f:  
OBJD-T: 53578d4c241c8d542418b801000000e83f1b0000

----------------
IN: 
0x000e8a33:  
OBJD-T: 8b74242483e640585a538d7c241c578d4c241c8d542418b800000080e81e1b00
OBJD-T: 00

----------------
IN: 
0x000e8a54:  
OBJD-T: 8b6c2418595881fd000000807625

----------------
IN: 
0x000e8a62:  
OBJD-T: 53578d4c241c8d542418b801000080e8fc1a0000

----------------
IN: 
0x000e8a76:  
OBJD-T: 8a442427c0e80583e001a278a10e00585aa078a10e0085f60f84a0000000

----------------
IN: 
0x000e8a94:  
OBJD-T: 84c07410

----------------
IN: 
0x000e8aa8:  
OBJD-T: be01000000b8913f0f00bb24000000ba953f0f00eb6f

----------------
IN: 
0x000e8b2d:  
OBJD-T: b9913f0f00eb1e

----------------
IN: 
0x000e8b52:  
OBJD-T: 505352518d4424405068d0960e00680c400f00e84f430000

----------------
IN: 
0x000ec692:  
OBJD-T: 8d7701c604242031c90fb6068d50d080fa09771a

----------------
IN: 
0x000ec6c0:  
OBJD-T: 31d23c6c7512

----------------
IN: 
0x000ec6d8:  
OBJD-T: 3c647468

----------------
IN: 
0x000ec6dc:  
OBJD-T: 7f42

----------------
IN: 
0x000ec720:  
OBJD-T: 3c730f8472010000

----------------
IN: 
0x000ec89a:  
OBJD-T: 8d7b048b1b0fbe1384d2741a

----------------
IN: 
0x000ec8a6:  
OBJD-T: 89e8e86ed9ffff

----------------
IN: 
0x000ec8ad:  
OBJD-T: 43ebef

----------------
IN: 
0x000ec89f:  
OBJD-T: 0fbe1384d2741a

----------------
IN: 
0x000ec8c0:  
OBJD-T: 89fb8d7e01e9b4fdffff

----------------
IN: 
0x000ec744:  
OBJD-T: 8b3b84d27505

----------------
IN: 
0x000ec74a:  
OBJD-T: 83c304eb03

----------------
IN: 
0x000ec752:  
OBJD-T: 85ff790e

----------------
IN: 
0x000ec764:  
OBJD-T: 89faeb10

----------------
IN: 
0x000ec778:  
OBJD-T: 89e8e8a1daffff

----------------
IN: 
0x000ea220:  
OBJD-T: 57565383ec0c89c689d1c644240b008d5c240abf0a00000089c831d2f7f783c2
OBJD-T: 30881383f9097605

----------------
IN: 
0x000ea248:  
OBJD-T: 89c14bebeb

----------------
IN: 
0x000ea238:  
OBJD-T: 89c831d2f7f783c230881383f9097605

----------------
IN: 
0x000ea24d:  
OBJD-T: 85db7505

----------------
IN: 
0x000ea256:  
OBJD-T: 0fbe1384d2740a

----------------
IN: 
0x000ea25d:  
OBJD-T: 89f0e8b7ffffff

----------------
IN: 
0x000ea264:  
OBJD-T: 43ebef

----------------
IN: 
0x000ea267:  
OBJD-T: 83c40c5b5e5fc3

----------------
IN: 
0x000ec77f:  
OBJD-T: e93e010000

----------------
IN: 
0x000e8b6a:  
OBJD-T: 83c41c85f67406

----------------
IN: 
0x000e8b71:  
OBJD-T: 881d79a10e0031edbb0000004031f6897424108d7c241c578d74241c568d4c24
OBJD-T: 1c8d54241889d8e8d5190000

----------------
IN: 
0x000e8b9d:  
OBJD-T: 8b4424185a5939d87253

----------------
IN: 
0x000e8ba7:  
OBJD-T: 8b542414895424308b542418895424348b54241c89542438c644243c008d7424
OBJD-T: 305650536847400f00e8e4420000

----------------
IN: 
0x000ec728:  
OBJD-T: 7f09

----------------
IN: 
0x000ec733:  
OBJD-T: 3c757431

----------------
IN: 
0x000ec737:  
OBJD-T: 3c780f84cf000000

----------------
IN: 
0x000ec80e:  
OBJD-T: 3c580f94c00fb6c089c78b03894424040fbe042484d2742f

----------------
IN: 
0x000ec855:  
OBJD-T: 83c304891c2457508b54240c89e8e8c3daffff

----------------
IN: 
0x000ea32b:  
OBJD-T: 5557565383ec0889d589cb8b7c2420893c248a4c241cbe01000000c1ea047403

----------------
IN: 
0x000ea34b:  
OBJD-T: 46ebf8

----------------
IN: 
0x000ea346:  
OBJD-T: c1ea047403

----------------
IN: 
0x000ea34e:  
OBJD-T: 29f30fbef985db7e12

----------------
IN: 
0x000ea369:  
OBJD-T: 8b0c24894c241c89f189ea83c4085b5e5f5de912ffffff

----------------
IN: 
0x000ea292:  
OBJD-T: 57565389c689d38b7c24104983f9067707

----------------
IN: 
0x000ea2aa:  
OBJD-T: c1ea1c89f9e8baffffff

----------------
IN: 
0x000ea26e:  
OBJD-T: 5389c389d083fa097705

----------------
IN: 
0x000ea278:  
OBJD-T: 8d5230eb0a

----------------
IN: 
0x000ea287:  
OBJD-T: 0fbed289d85be989ffffff

----------------
IN: 
0x000ea2b4:  
OBJD-T: 89dac1ea1883e20f89f989f0e8a9ffffff

----------------
IN: 
0x000ea2c5:  
OBJD-T: 89dac1ea1483e20f89f989f0e898ffffff

----------------
IN: 
0x000ea2d6:  
OBJD-T: 89dac1ea1083e20f89f989f0e887ffffff

----------------
IN: 
0x000ea2e7:  
OBJD-T: 89dac1ea0c83e20f89f989f0e876ffffff

----------------
IN: 
0x000ea2f8:  
OBJD-T: 89dac1ea0883e20f89f989f0e865ffffff

----------------
IN: 
0x000ea309:  
OBJD-T: 89dac1ea0483e20f89f989f0e854ffffff

----------------
IN: 
0x000ea31a:  
OBJD-T: 83e30f89da89f989f05b5e5fe943ffffff

----------------
IN: 
0x000ec868:  
OBJD-T: 595b8b1c24eb53

----------------
IN: 
0x000e8bd5:  
OBJD-T: ba6b400f0089f0e8cd170000

----------------
IN: 
0x000ea3ae:  
OBJD-T: 5389c189d331c08a14013a1403740e

----------------
IN: 
0x000ea3bd:  
OBJD-T: b8010000007d0e

----------------
IN: 
0x000ea3d2:  
OBJD-T: 5bc3

----------------
IN: 
0x000e8be1:  
OBJD-T: 83c41085c0750a

----------------
IN: 
0x000e8bf2:  
OBJD-T: 81c300010000eb84

----------------
IN: 
0x000e8b7e:  
OBJD-T: 31f6897424108d7c241c578d74241c568d4c241c8d54241889d8e8d5190000

----------------
IN: 
0x000e8bfa:  
OBJD-T: 833d74a10e00007456

----------------
IN: 
0x000e8c59:  
OBJD-T: e87c150000

----------------
IN: 
0x000e8c5e:  
OBJD-T: 85c0744c

----------------
IN: 
0x000e8cae:  
OBJD-T: e82035ffff

----------------
IN: 
0x000dc1d3:  
OBJD-T: 5653568b1da44c0f0085db7568

----------------
IN: 
0x000dc1e0:  
OBJD-T: 31c0ba1005000066ef

----------------
IN: 
0x000dc1e9:  
OBJD-T: 31c9ba11050000ec

----------------
IN: 
0x000dc1f1:  
OBJD-T: 0fb6c00fbeb1da1a0f0039f0754e

----------------
IN: 
0x000dc1ff:  
OBJD-T: 4183f90475eb

----------------
IN: 
0x000dc1f0:  
OBJD-T: ec

----------------
IN: 
0x000dc205:  
OBJD-T: 68df1a0f00e8aa0c0100

----------------
IN: 
0x000dc20f:  
OBJD-T: c705a44c0f00010000008d442404b904000000ba01000000e8380b0100

----------------
IN: 
0x000ecd64:  
OBJD-T: 565389c389d0833da04c0f00007413

----------------
IN: 
0x000ecd86:  
OBJD-T: ba1005000066ef

----------------
IN: 
0x000ecd8d:  
OBJD-T: 89ca89d85b5ee9a6ffffff

----------------
IN: 
0x000ecd3e:  
OBJD-T: 85d27421

----------------
IN: 
0x000ecd42:  
OBJD-T: 833da04c0f0000740a

----------------
IN: 
0x000ecd55:  
OBJD-T: 5789d189c7ba11050000f36c

----------------
IN: 
0x000ecd61:  
OBJD-T: 5fc3

----------------
IN: 
0x000dc22c:  
OBJD-T: 5bf60424027415

----------------
IN: 
0x000dc233:  
OBJD-T: 68f21a0f00e87c0c0100

----------------
IN: 
0x000dc23d:  
OBJD-T: c705a04c0f000100000059bb0100000089d85a5b5ec3

----------------
IN: 
0x000e8cb3:  
OBJD-T: 85c00f848c010000

----------------
IN: 
0x000e8cbb:  
OBJD-T: b904000000ba1900000089f0e898400000

----------------
IN: 
0x000ecd73:  
OBJD-T: c1e01083c80a89ca89c189d85b5ee964ffffff

----------------
IN: 
0x000eccea:  
OBJD-T: 565383ec1089d689cb31d2e83fdeffff

----------------
IN: 
0x000eab39:  
OBJD-T: 89d10fc989c20fca89c8c3

----------------
IN: 
0x000eccfa:  
OBJD-T: 894424088954240c89f0e874e2ffff

----------------
IN: 
0x000eaf7d:  
OBJD-T: 0fc8c3

----------------
IN: 
0x000ecd09:  
OBJD-T: 8944240489d8e869e2ffff

----------------
IN: 
0x000ecd14:  
OBJD-T: 89042489e0e85fe2ffff

----------------
IN: 
0x000ecd1e:  
OBJD-T: ba18050000ef

----------------
IN: 
0x000ecd24:  
OBJD-T: 8b0424e851e2ffff

----------------
IN: 
0x000ecd2c:  
OBJD-T: 83f8017607

----------------
IN: 
0x000ecd38:  
OBJD-T: 83c4105b5ec3

----------------
IN: 
0x000e8ccc:  
OBJD-T: 8b442418e8a8220000

----------------
IN: 
0x000e8cd5:  
OBJD-T: 8944241831db3b5c24187331

----------------
IN: 
0x000e8ce1:  
OBJD-T: 8d442430ba40000000e84f400000

----------------
IN: 
0x000ecd4b:  
OBJD-T: b902000000e995ffffff

----------------
IN: 
0x000e8cef:  
OBJD-T: 8d442438b909000000ba9c1f0f00e88b160000

----------------
IN: 
0x000ea38d:  
OBJD-T: 01c139c87503

----------------
IN: 
0x000ea396:  
OBJD-T: 538a1a38187407

----------------
IN: 
0x000ea39d:  
OBJD-T: 19c083c801eb08

----------------
IN: 
0x000ea3ac:  
OBJD-T: 5bc3

----------------
IN: 
0x000e8d02:  
OBJD-T: 85c07403

----------------
IN: 
0x000e8d06:  
OBJD-T: 43ebd2

----------------
IN: 
0x000e8cdb:  
OBJD-T: 3b5c24187331

----------------
IN: 
0x000ea3a4:  
OBJD-T: 404239c875ed

----------------
IN: 
0x000ea397:  
OBJD-T: 8a1a38187407

----------------
IN: 
0x000ea3aa:  
OBJD-T: 31c05bc3

----------------
IN: 
0x000e8d09:  
OBJD-T: 8b5424346685d27510

----------------
IN: 
0x000e8d22:  
OBJD-T: 8b442430e852220000

----------------
IN: 
0x000e8d2b:  
OBJD-T: 89c189d086e0ba1005000066ef

----------------
IN: 
0x000e8d38:  
OBJD-T: bb1400000089c831d2f7f38944241831ed3b6c24180f835a010000

----------------
IN: 
0x000e8d53:  
OBJD-T: 8d44241cba14000000e8dd3f0000

----------------
IN: 
0x000e8d61:  
OBJD-T: 8b44242c83f8017442

----------------
IN: 
0x000e8dac:  
OBJD-T: 6a01ff74242cff74242c8b4424288b54242ce8a2fcfeff

----------------
IN: 
0x000d8a65:  
OBJD-T: 575689c689d78b4c240c8b5424108b44241485d27504

----------------
IN: 
0x000d8a7b:  
OBJD-T: 85c97417

----------------
IN: 
0x000d8a7f:  
OBJD-T: 89442414894c240c8954241089f089fa5e5fe90bfeffff

----------------
IN: 
0x000d88a1:  
OBJD-T: 5557565383ec2489442404895424088b4424388b54243c89442414895424188b
OBJD-T: 4424408944241c8b35e4550f0031c08904243934240f8d4b010000

----------------
IN: 
0x000d8a27:  
OBJD-T: 837c241cff742f

----------------
IN: 
0x000d8a2e:  
OBJD-T: 8b44241c894424408b4424148b542418894424388954243c8b5424048b4c2408
OBJD-T: 8b042483c4245b5e5f5de9a8fdffff

----------------
IN: 
0x000d8805:  
OBJD-T: 5557565383ec108b7c24248b6c2428893c24896c24048b7c242c8b1de4550f00
OBJD-T: 83fb7f7e16

----------------
IN: 
0x000d8840:  
OBJD-T: 89542408894c240c6bf01489d929c16bc9148dae00560f008d8614560f0089ea
OBJD-T: e83df7ffff

----------------
IN: 
0x000d7fa2:  
OBJD-T: 575689d639c27206

----------------
IN: 
0x000d7fb0:  
OBJD-T: 85c97409

----------------
IN: 
0x000d7fbd:  
OBJD-T: 5e5fc3

----------------
IN: 
0x000d8865:  
OBJD-T: 43891de4550f008b4424088b54240c898600560f00899604560f008b04248b54
OBJD-T: 2404898608560f0089960c560f0089be10560f0083c4105b5e5f5dc3

----------------
IN: 
0x000e8dc3:  
OBJD-T: ff742434ff742434ff742434ff742434681d410f00e8dc400000

----------------
IN: 
0x000ec6a6:  
OBJD-T: 85c97504

----------------
IN: 
0x000ec6aa:  
OBJD-T: 3c307409

----------------
IN: 
0x000ec6b7:  
OBJD-T: c604243031c946ebdb

----------------
IN: 
0x000ec69b:  
OBJD-T: 0fb6068d50d080fa09771a

----------------
IN: 
0x000ec6ae:  
OBJD-T: 6bc90a8d4c01d0eb06

----------------
IN: 
0x000ec6bd:  
OBJD-T: 46ebdb

----------------
IN: 
0x000ec6c6:  
OBJD-T: 8a46013c6c7403

----------------
IN: 
0x000ec6d0:  
OBJD-T: 8a460283c602b2013c647468

----------------
IN: 
0x000ec826:  
OBJD-T: 8d53088914248b530485d27428

----------------
IN: 
0x000ec85b:  
OBJD-T: 57508b54240c89e8e8c3daffff

----------------
IN: 
0x000ea357:  
OBJD-T: 4b89fa89442404e8b8feffff

----------------
IN: 
0x000ea363:  
OBJD-T: 8b442404ebea

----------------
IN: 
0x000ea353:  
OBJD-T: 85db7e12

----------------
IN: 
0x000ea2a3:  
OBJD-T: ff248d58430f00

----------------
IN: 
0x000e8ddd:  
OBJD-T: 8b4c243c8b5c24408b4424448b542448894424208954242489c889da03442420
OBJD-T: 1354242483c42083fb007718

----------------
IN: 
0x000e8e09:  
OBJD-T: 31ff390588a10e0019d7732c

----------------
IN: 
0x000e8e15:  
OBJD-T: 8b042401c8a388a10e00eb20

----------------
IN: 
0x000e8e41:  
OBJD-T: 45e902ffffff

----------------
IN: 
0x000e8d49:  
OBJD-T: 3b6c24180f835a010000

----------------
IN: 
0x000e8ead:  
OBJD-T: 6a026a006800000400b80000fcff31d2e8dff9feff

----------------
IN: 
0x000d88dc:  
OBJD-T: 6b0c24148b8100560f008b9104560f0089c789d503b908560f0013a90c560f00
OBJD-T: 897c240c896c24108b5c2404395c240c8b5c24101b5c24087305

----------------
IN: 
0x000d8916:  
OBJD-T: ff0424ebb8

----------------
IN: 
0x000d88d3:  
OBJD-T: 3934240f8d4b010000

----------------
IN: 
0x000e8ec2:  
OBJD-T: 83c40c6aff6a006800000500b800000a0031d2e8c7f9feff

----------------
IN: 
0x000d891b:  
OBJD-T: 8b7c24148b6c2418037c2404136c24083b44240489d61b7424087377

----------------
IN: 
0x000d8937:  
OBJD-T: 8b9910560f00895c24208b5c241c395c2420751a

----------------
IN: 
0x000d8965:  
OBJD-T: 8b5c24048b74240829c319d6899908560f0089b10c560f00ff04243b7c240c89
OBJD-T: e81b4424107322

----------------
IN: 
0x000d898c:  
OBJD-T: ff7424208b4424108b54241429f819ea525089fa89e98b44240ce85afeffff

----------------
IN: 
0x000d7fb4:  
OBJD-T: 498a140e881408ebf3

----------------
IN: 
0x000d89ab:  
OBJD-T: 83c40c6b3424148b04243b05e4550f007d6a

----------------
IN: 
0x000d89bd:  
OBJD-T: 8b8600560f008b9604560f0039c789e919d17256

----------------
IN: 
0x000d89d1:  
OBJD-T: 038608560f0013960c560f0039c789e919d1720a

----------------
IN: 
0x000d89ef:  
OBJD-T: 89be00560f0089ae04560f0029f819ea898608560f0089960c560f008b4c241c
OBJD-T: 3b8e10560f007510

----------------
IN: 
0x000d8a5d:  
OBJD-T: 83c4245b5e5f5dc3

----------------
IN: 
0x000e8eda:  
OBJD-T: 6a026a006800000100b800000f0031d2e8b2f9feff

----------------
IN: 
0x000d89ae:  
OBJD-T: 6b3424148b04243b05e4550f007d6a

----------------
IN: 
0x000e8eef:  
OBJD-T: a1e4550f008d78ff83c41831f631db85ff0f88a4000000

----------------
IN: 
0x000e8f06:  
OBJD-T: 6bcf148b8100560f008b9104560f00894424088954240c038108560f0013910c
OBJD-T: 560f0089042489542404bdffff0f003b2c24bd000000001b6c24047367

----------------
IN: 
0x000e8f43:  
OBJD-T: 83b910560f00017558

----------------
IN: 
0x000e8fa4:  
OBJD-T: 4fe954ffffff

----------------
IN: 
0x000e8efe:  
OBJD-T: 85ff0f88a4000000

----------------
IN: 
0x000e8f4c:  
OBJD-T: 837c2404007751

----------------
IN: 
0x000e8f53:  
OBJD-T: 8b5424088b0c2485db753c

----------------
IN: 
0x000e8f5e:  
OBJD-T: 8d81000000ff83e0f039c1720a

----------------
IN: 
0x000e8f6b:  
OBJD-T: 8daa0000000139e8731c

----------------
IN: 
0x000e8f91:  
OBJD-T: 89c389c1be00000001b8d8a00e00e8e7fcfeff

----------------
IN: 
0x000d8c8b:  
OBJD-T: 5383ec2c89d389c28b0085c07535

----------------
IN: 
0x000d8c99:  
OBJD-T: c7442428ffffffff895c241c894c242031c0894424248d442414e879d5ffff

----------------
IN: 
0x000d6231:  
OBJD-T: 8b0a895004890885c97403

----------------
IN: 
0x000d623f:  
OBJD-T: 8902c3

----------------
IN: 
0x000d8cb8:  
OBJD-T: 89e0e8dafdffff

----------------
IN: 
0x000d8a99:  
OBJD-T: 5557565389c350b910000000ba2c000000a1d8a00e00e8adf5ffff

----------------
IN: 
0x000d8061:  
OBJD-T: 5557565389ce8b4c2414f7de85c07433

----------------
IN: 
0x000d8071:  
OBJD-T: 8b780c89fb29d321f38b681003680839eb721c

----------------
IN: 
0x000d8084:  
OBJD-T: 39df7218

----------------
IN: 
0x000d8088:  
OBJD-T: 89590889790c89511089580c8b500489c8e893e1ffff

----------------
IN: 
0x000d623c:  
OBJD-T: 8941048902c3

----------------
IN: 
0x000d809e:  
OBJD-T: eb06

----------------
IN: 
0x000d80a6:  
OBJD-T: 89d85b5e5f5dc3

----------------
IN: 
0x000d8ab4:  
OBJD-T: 5985c0752d

----------------
IN: 
0x000d8ae6:  
OBJD-T: 89c5b90b00000089c789def3a5

----------------
IN: 
0x000d8af3:  
OBJD-T: 8b13891085d27403

----------------
IN: 
0x000d8afb:  
OBJD-T: 8942048b530489500489028d48148b531489501485d27403

----------------
IN: 
0x000d8b16:  
OBJD-T: 8b5318895018890a89e85b5e5f5dc3

----------------
IN: 
0x000d8cbf:  
OBJD-T: 85c07518

----------------
IN: 
0x000d8cdb:  
OBJD-T: 83c42c5bc3

----------------
IN: 
0x000e8faa:  
OBJD-T: b900000900ba00700000b8dca00e00e8cdfcfeff

----------------
IN: 
0x000d80a0:  
OBJD-T: 8b00ebc9

----------------
IN: 
0x000d806d:  
OBJD-T: 85c07433

----------------
IN: 
0x000e8fbe:  
OBJD-T: 85db7421

----------------
IN: 
0x000e8fc2:  
OBJD-T: 8d0c3389dab8e4a00e00e8bafcfeff

----------------
IN: 
0x000e8fd1:  
OBJD-T: 89d831d26a0231ff5756e885fafeff

----------------
IN: 
0x000e8fe0:  
OBJD-T: 83c40cbdc0a10e0081ed20620d0089eab820000000e8a36bffff

----------------
IN: 
0x000dfb9d:  
OBJD-T: 565389c689d389c1b8d8a00e00e8768fffff

----------------
IN: 
0x000d8b25:  
OBJD-T: 565383ec2c85d2742d

----------------
IN: 
0x000d8b2e:  
OBJD-T: c7442428ffffffff8d742414568b00e81ff5ffff

----------------
IN: 
0x000d8b42:  
OBJD-T: 89c35885db7412

----------------
IN: 
0x000d8b49:  
OBJD-T: 89e0e849ffffff

----------------
IN: 
0x000d8b13:  
OBJD-T: 894a048b5318895018890a89e85b5e5f5dc3

----------------
IN: 
0x000d8b50:  
OBJD-T: 85c07509

----------------
IN: 
0x000d8b5d:  
OBJD-T: 89d883c42c5b5ec3

----------------
IN: 
0x000dfbaf:  
OBJD-T: 85c07510

----------------
IN: 
0x000dfbc3:  
OBJD-T: 5b5ec3

----------------
IN: 
0x000e8ffa:  
OBJD-T: 89c385c0750a

----------------
IN: 
0x000e900a:  
OBJD-T: 55506820620d006883410f00e89e3e0000

----------------
IN: 
0x000ec72a:  
OBJD-T: 3c707456

----------------
IN: 
0x000ec784:  
OBJD-T: 8b3b807e01507557

----------------
IN: 
0x000ec7e3:  
OBJD-T: ba3000000089e8e82cdaffff

----------------
IN: 
0x000ec7ef:  
OBJD-T: ba7800000089e8e820daffff

----------------
IN: 
0x000ec7fb:  
OBJD-T: 6a00b90800000089fa89e8e887daffff

----------------
IN: 
0x000ea27d:  
OBJD-T: 8d525785c97403

----------------
IN: 
0x000ec80b:  
OBJD-T: 5feb61

----------------
IN: 
0x000ec86f:  
OBJD-T: 83c304eb4e

----------------
IN: 
0x000e901b:  
OBJD-T: be20620d0089df89e9f3a4

----------------
IN: 
0x000e9024:  
OBJD-T: f3a4

----------------
IN: 
0x000e9026:  
OBJD-T: 89d82d20620d0083c410bac0400d0081fa004a0d00730b

----------------
IN: 
0x000e903d:  
OBJD-T: 8b0a01d9010183c204ebed

----------------
IN: 
0x000e9035:  
OBJD-T: 81fa004a0d00730b

----------------
IN: 
0x000e9048:  
OBJD-T: b920620d0029d9ba004a0d0081fa54590d00730b

----------------
IN: 
0x000e905c:  
OBJD-T: 8b3201de010e83c204ebed

----------------
IN: 
0x000e9054:  
OBJD-T: 81fa54590d00730b

----------------
IN: 
0x000e9067:  
OBJD-T: ba54590d0081fa60590d00730d

----------------
IN: 
0x000e9074:  
OBJD-T: 8b0a0181c0400d0083c204ebeb

----------------
IN: 
0x000e906c:  
OBJD-T: 81fa60590d00730d

----------------
IN: 
0x000e9081:  
OBJD-T: b94a5d0e0081f9c0a10e00730b

----------------
IN: 
0x000e908e:  
OBJD-T: 8d140881f920620d007305

----------------
IN: 
0x000e909e:  
OBJD-T: 31c0ffd2

----------------
IN: 
0x06ffbaea:  
OBJD-T: 5557565381ec2c010000e8ac78ffff

----------------
IN: 
0x06ff33a5:  
OBJD-T: 57565381ec9400000031c08b0c8564feff068b1185d27403

----------------
IN: 
0x06ff33bd:  
OBJD-T: 894a044083f80575ea

----------------
IN: 
0x06ff33b0:  
OBJD-T: 8b0c8564feff068b1185d27403

----------------
IN: 
0x06ff33c0:  
OBJD-T: 4083f80575ea

----------------
IN: 
0x06ff33c6:  
OBJD-T: b920620d0081e960590d00ba60590d00b800990e00e862a9ffff

----------------
IN: 
0x06fedd42:  
OBJD-T: 575689d639c27206

----------------
IN: 
0x06fedd50:  
OBJD-T: 85c97409

----------------
IN: 
0x06fedd54:  
OBJD-T: 498a140e881408ebf3

----------------
IN: 
0x06fedd5d:  
OBJD-T: 5e5fc3

----------------
IN: 
0x06ff33e0:  
OBJD-T: 89c1ba10a80d00b888feff06e83ab6ffff

----------------
IN: 
0x06feea2b:  
OBJD-T: 5383ec2c89d389c28b0085c07535

----------------
IN: 
0x06feea39:  
OBJD-T: c7442428ffffffff895c241c894c242031c0894424248d442414e879d5ffff

----------------
IN: 
0x06febfd1:  
OBJD-T: 8b0a895004890885c97403

----------------
IN: 
0x06febfdf:  
OBJD-T: 8902c3

----------------
IN: 
0x06feea58:  
OBJD-T: 89e0e8dafdffff

----------------
IN: 
0x06fee839:  
OBJD-T: 5557565389c350b910000000ba2c000000a178feff06e8adf5ffff

----------------
IN: 
0x06fede01:  
OBJD-T: 5557565389ce8b4c2414f7de85c07433

----------------
IN: 
0x06fede11:  
OBJD-T: 8b780c89fb29d321f38b681003680839eb721c

----------------
IN: 
0x06fede40:  
OBJD-T: 8b00ebc9

----------------
IN: 
0x06fede0d:  
OBJD-T: 85c07433

----------------
IN: 
0x06fede24:  
OBJD-T: 39df7218

----------------
IN: 
0x06fede28:  
OBJD-T: 89590889790c89511089580c8b500489c8e893e1ffff

----------------
IN: 
0x06febfdc:  
OBJD-T: 8941048902c3

----------------
IN: 
0x06fede3e:  
OBJD-T: eb06

----------------
IN: 
0x06fede46:  
OBJD-T: 89d85b5e5f5dc3

----------------
IN: 
0x06fee854:  
OBJD-T: 5985c0752d

----------------
IN: 
0x06fee886:  
OBJD-T: 89c5b90b00000089c789def3a5

----------------
IN: 
0x06fee893:  
OBJD-T: 8b13891085d27403

----------------
IN: 
0x06fee89b:  
OBJD-T: 8942048b530489500489028d48148b531489501485d27403

----------------
IN: 
0x06fee8b6:  
OBJD-T: 8b5318895018890a89e85b5e5f5dc3

----------------
IN: 
0x06feea5f:  
OBJD-T: 85c07518

----------------
IN: 
0x06feea7b:  
OBJD-T: 83c42c5bc3

----------------
IN: 
0x06ff33f1:  
OBJD-T: a188feff0631d285c07406

----------------
IN: 
0x06ff33fc:  
OBJD-T: 89c28b00ebf6

----------------
IN: 
0x06ff33f8:  
OBJD-T: 85c07406

----------------
IN: 
0x06ff3402:  
OBJD-T: 8915944d0f00b9c0550f0081e9c04d0f0031d2b8c04d0f00e891820ff9

----------------
IN: 
0x000eb6b0:  
OBJD-T: 85c97406

----------------
IN: 
0x000eb6b4:  
OBJD-T: 49881408ebf6

----------------
IN: 
0x000eb6ba:  
OBJD-T: c3

----------------
IN: 
0x06ff341f:  
OBJD-T: b9c0550f0089c2b880feff06e8fbb5ffff

----------------
IN: 
0x06ff3430:  
OBJD-T: e8998fffff

----------------
IN: 
0x06fec3ce:  
OBJD-T: 56538b0de4550f008d59ff6bc91481c100560f0085db7820

----------------
IN: 
0x06fec3e6:  
OBJD-T: 8b41f48b51f80341ec1351f083fa007709

----------------
IN: 
0x06fec400:  
OBJD-T: 4b83e914ebdc

----------------
IN: 
0x06fec3e2:  
OBJD-T: 85db7820

----------------
IN: 
0x06fec3f7:  
OBJD-T: 8b71fc83e6fd4e7408

----------------
IN: 
0x06fec408:  
OBJD-T: 3d000010007305

----------------
IN: 
0x06fec414:  
OBJD-T: a3e0550f005b5ec3

----------------
IN: 
0x06ff3435:  
OBJD-T: e839ebffff

----------------
IN: 
0x06ff1f73:  
OBJD-T: 5653568b1da44c0f0085db7568

----------------
IN: 
0x06ff1fe8:  
OBJD-T: bb0100000089d85a5b5ec3

----------------
IN: 
0x06ff343a:  
OBJD-T: 85c0750c

----------------
IN: 
0x06ff344a:  
OBJD-T: 6a0231c9ba0e000000b82b1f0f00e8c0b7ffff

----------------
IN: 
0x06feec1d:  
OBJD-T: 555756535389042489d789ce8b6c2418b894000000e879fdffff

----------------
IN: 
0x06fee9b0:  
OBJD-T: 5389c3e8e7ffffff

----------------
IN: 
0x06fee99f:  
OBJD-T: b91000000089c2b878feff06e915ffffff

----------------
IN: 
0x06fee8c5:  
OBJD-T: 565383ec2c85d2742d

----------------
IN: 
0x06fee8ce:  
OBJD-T: c7442428ffffffff8d742414568b00e81ff5ffff

----------------
IN: 
0x06fee8e2:  
OBJD-T: 89c35885db7412

----------------
IN: 
0x06fee8e9:  
OBJD-T: 89e0e849ffffff

----------------
IN: 
0x06fee8b3:  
OBJD-T: 894a048b5318895018890a89e85b5e5f5dc3

----------------
IN: 
0x06fee8f0:  
OBJD-T: 85c07509

----------------
IN: 
0x06fee8fd:  
OBJD-T: 89d883c42c5b5ec3

----------------
IN: 
0x06fee9b8:  
OBJD-T: 85c07512

----------------
IN: 
0x06fee9ce:  
OBJD-T: 5bc3

----------------
IN: 
0x06feec37:  
OBJD-T: 85c07514

----------------
IN: 
0x06feec4f:  
OBJD-T: 89c3b99400000031d2e853ca0ff9

----------------
IN: 
0x06feec5d:  
OBJD-T: 8d4004b9800000008b1424e885d3ffff

----------------
IN: 
0x06febff2:  
OBJD-T: 57565389c38d3c0a8d4a0139f9

----------------
IN: 
0x06febfff:  
OBJD-T: 7413

----------------
IN: 
0x06fec001:  
OBJD-T: 410fb671fe89f284d27408

----------------
IN: 
0x06fec00c:  
OBJD-T: 4089f28850ffebe9

----------------
IN: 
0x06febffd:  
OBJD-T: 39f9

----------------
IN: 
0x06fec014:  
OBJD-T: c6000089d85b5e5fc3

----------------
IN: 
0x06feec6d:  
OBJD-T: 89ab8400000089bb8c00000089b390000000c783880000001de2fe06a15cfeff
OBJD-T: 068903891d5cfeff06585b5e5f5dc3

----------------
IN: 
0x06ff345d:  
OBJD-T: 6a0131c9ba02800000b83e1f0f00e8adb7ffff

----------------
IN: 
0x06ff3470:  
OBJD-T: 6a0231c9ba0f000000b8501f0f00e89ab7ffff

----------------
IN: 
0x06ff3483:  
OBJD-T: b908000000ba0d0000008d442418e8ce980ff9

----------------
IN: 
0x06ff3496:  
OBJD-T: 31d231c9b8501f0f00e87bacffff

----------------
IN: 
0x06fee11f:  
OBJD-T: 5589e5575683ec0889d689cfe8beffffff

----------------
IN: 
0x06fee0ee:  
OBJD-T: 57565389c7e888c20ff9

----------------
IN: 
0x000ea380:  
OBJD-T: 89c28038007403

----------------
IN: 
0x000ea387:  
OBJD-T: 40ebf8

----------------
IN: 
0x000ea382:  
OBJD-T: 8038007403

----------------
IN: 
0x000ea38a:  
OBJD-T: 29d0c3

----------------
IN: 
0x06fee0f8:  
OBJD-T: 8d70018b1d5cfeff0685db7414

----------------
IN: 
0x06fee105:  
OBJD-T: 8d530489f189f8e87cc20ff9

----------------
IN: 
0x06fee111:  
OBJD-T: 85c07404

----------------
IN: 
0x06fee119:  
OBJD-T: 89d85b5e5fc3

----------------
IN: 
0x06fee130:  
OBJD-T: 85c07506

----------------
IN: 
0x06fee13a:  
OBJD-T: 8b90840000008d4aff83f90777ec

----------------
IN: 
0x06fee148:  
OBJD-T: 85d175e8

----------------
IN: 
0x06fee14c:  
OBJD-T: 31d28914248954240489e2b908000000ff9088000000

----------------
IN: 
0x06fee21d:  
OBJD-T: 565389d68b908400000039d17242

----------------
IN: 
0x06fee22b:  
OBJD-T: 89c38b88900000008b808c00000085c9750d

----------------
IN: 
0x06fee23d:  
OBJD-T: 89d189c289f0e81ceb0ff9

----------------
IN: 
0x06fee248:  
OBJD-T: eb1b

----------------
IN: 
0x06fee265:  
OBJD-T: 8b8384000000eb05

----------------
IN: 
0x06fee272:  
OBJD-T: 5b5ec3

----------------
IN: 
0x06fee162:  
OBJD-T: 85c078ce

----------------
IN: 
0x06fee166:  
OBJD-T: 8b04248b542404595e5e5f5dc3

----------------
IN: 
0x06ff34a4:  
OBJD-T: 8d1cc50000000053b908000000ba0d000000b85d1f0f00e85db7ffff

----------------
IN: 
0x06ff34c0:  
OBJD-T: 8d4b088b44241cc1e00350ba0d000000b86e1f0f00e843b7ffff

----------------
IN: 
0x06ff34da:  
OBJD-T: b902000000ba008000008d442416e877980ff9

----------------
IN: 
0x06ff34ed:  
OBJD-T: 83c414bb0200000031f60fb744240239c67d51

----------------
IN: 
0x06ff3551:  
OBJD-T: b902000000ba018000008d442402e800980ff9

----------------
IN: 
0x06ff3564:  
OBJD-T: be0200000031db0fb744240239c30f8d8d000000

----------------
IN: 
0x06ff3605:  
OBJD-T: b904000000ba190000008d442404e84c970ff9

----------------
IN: 
0x06ff3618:  
OBJD-T: 8b442404e85c790ff9

----------------
IN: 
0x06ff3621:  
OBJD-T: 8944240431db3b5c24047332

----------------
IN: 
0x06ff362d:  
OBJD-T: ba400000008d442414e803970ff9

----------------
IN: 
0x06ff363b:  
OBJD-T: 8b442414e839790ff9

----------------
IN: 
0x06ff3644:  
OBJD-T: 89c18b54241886f20fb7d28d44241c5131c9e8c2b5ffff

----------------
IN: 
0x06ff365b:  
OBJD-T: 435eebc8

----------------
IN: 
0x06ff3627:  
OBJD-T: 3b5c24047332

----------------
IN: 
0x06ff365f:  
OBJD-T: b89c1f0f00e885aaffff

----------------
IN: 
0x06fee115:  
OBJD-T: 8b1bebe8

----------------
IN: 
0x06fee101:  
OBJD-T: 85db7414

----------------
IN: 
0x06ff3669:  
OBJD-T: 85c00f85c7000000

----------------
IN: 
0x06ff3738:  
OBJD-T: b8c61f0f00e8aca9ffff

----------------
IN: 
0x06ff3742:  
OBJD-T: 85c0741a

----------------
IN: 
0x06ff3746:  
OBJD-T: 66c705fc490f000006680006000068d71f0f00e85b970ff9

----------------
IN: 
0x06ff375e:  
OBJD-T: 595b66c74424140000b902000000ba040000008d442414e8ea950ff9

----------------
IN: 
0x06ff377a:  
OBJD-T: 66837c2414000f84b8fcffff

----------------
IN: 
0x06ff343e:  
OBJD-T: 31c0ba53ff0f00e9f0030000

----------------
IN: 
0x06ff383a:  
OBJD-T: 66891066c7400200f083c0043d0004000075ed

----------------
IN: 
0x06ff384d:  
OBJD-T: b820000000ba3dd40f0066891066c7400200f083c00483f84075ef

----------------
IN: 
0x06ff3857:  
OBJD-T: 66891066c7400200f083c00483f84075ef

----------------
IN: 
0x06ff3868:  
OBJD-T: b8c0010000ba46d40f0066891066c7400200f083c0043de001000075ed

----------------
IN: 
0x06ff3872:  
OBJD-T: 66891066c7400200f083c0043de001000075ed

----------------
IN: 
0x06ff3885:  
OBJD-T: b8c3e20f0066a30800000066c7050a00000000f0b854ff0f0066a31400000066
OBJD-T: c7051600000000f0b865f00f0066a34000000066c7054200000000f0b84df80f
OBJD-T: 0066a34400000066c7054600000000f0b841f80f0066a34800000066c7054a00
OBJD-T: 000000f0b8fee30f0066a34c00000066c7054e00000000f0b839e70f0066a350
OBJD-T: 00000066c7055200000000f0b859f80f0066a35400000066c7055600000000f0
OBJD-T: b82ee80f0066a35800000066c7055a00000000f0b8d2ef0f0066a35c00000066
OBJD-T: c7055e00000000f0b862d40f0066a36000000066c7056200000000f0b8f2e60f
OBJD-T: 0066a36400000066c7056600000000f0b86efe0f0066a36800000066c7056a00
OBJD-T: 000000f0b859ec0f0066a30001000066c7050201000000f0b88001000031d289
OBJD-T: 1083c0043d9c01000075f2

----------------
IN: 
0x06ff39a2:  
OBJD-T: 31d2891083c0043d9c01000075f2

----------------
IN: 
0x06ff39b0:  
OBJD-T: 31ff893de4010000b90001000031d2b800040000e8e77c0ff9

----------------
IN: 
0x06ff39c9:  
OBJD-T: 66c7050e040000c09f66c705130400007f02b921010000b800fc0900e8c67c0f
OBJD-T: f9

----------------
IN: 
0x06ff39ea:  
OBJD-T: c60500fc0900016a026a006800040000b800fc090031d2e8ffadffff

----------------
IN: 
0x06fee805:  
OBJD-T: 575689c689d78b4c240c8b5424108b44241485d27504

----------------
IN: 
0x06fee81b:  
OBJD-T: 85c97417

----------------
IN: 
0x06fee81f:  
OBJD-T: 89442414894c240c8954241089f089fa5e5fe90bfeffff

----------------
IN: 
0x06fee641:  
OBJD-T: 5557565383ec2489442404895424088b4424388b54243c89442414895424188b
OBJD-T: 4424408944241c8b35e4550f0031c08904243934240f8d4b010000

----------------
IN: 
0x06fee67c:  
OBJD-T: 6b0c24148b8100560f008b9104560f0089c789d503b908560f0013a90c560f00
OBJD-T: 897c240c896c24108b5c2404395c240c8b5c24101b5c24087305

----------------
IN: 
0x06fee6bb:  
OBJD-T: 8b7c24148b6c2418037c2404136c24083b44240489d61b7424087377

----------------
IN: 
0x06fee6d7:  
OBJD-T: 8b9910560f00895c24208b5c241c395c2420751a

----------------
IN: 
0x06fee705:  
OBJD-T: 8b5c24048b74240829c319d6899908560f0089b10c560f00ff04243b7c240c89
OBJD-T: e81b4424107322

----------------
IN: 
0x06fee74e:  
OBJD-T: 6b3424148b04243b05e4550f007d6a

----------------
IN: 
0x06fee75d:  
OBJD-T: 8b8600560f008b9604560f0039c789e919d17256

----------------
IN: 
0x06fee7c7:  
OBJD-T: 837c241cff742f

----------------
IN: 
0x06fee7ce:  
OBJD-T: 8b44241c894424408b4424148b542418894424388954243c8b5424048b4c2408
OBJD-T: 8b042483c4245b5e5f5de9a8fdffff

----------------
IN: 
0x06fee5a5:  
OBJD-T: 5557565383ec108b7c24248b6c2428893c24896c24048b7c242c8b1de4550f00
OBJD-T: 83fb7f7e16

----------------
IN: 
0x06fee5e0:  
OBJD-T: 89542408894c240c6bf01489d929c16bc9148dae00560f008d8614560f0089ea
OBJD-T: e83df7ffff

----------------
IN: 
0x06fee605:  
OBJD-T: 43891de4550f008b4424088b54240c898600560f00899604560f008b04248b54
OBJD-T: 2404898608560f0089960c560f0089be10560f0083c4105b5e5f5dc3

----------------
IN: 
0x06ff3a06:  
OBJD-T: b898a10e002d00a80d00a390990e00b0b8e670

----------------
IN: 
0x06ff3a19:  
OBJD-T: e471

----------------
IN: 
0x06ff3a1b:  
OBJD-T: 83c40ca8017408

----------------
IN: 
0x06ff3a2a:  
OBJD-T: b0bde670

----------------
IN: 
0x06ff3a2e:  
OBJD-T: e471

----------------
IN: 
0x06ff3a30:  
OBJD-T: 0fb6d0b0b8e670

----------------
IN: 
0x06ff3a37:  
OBJD-T: e471

----------------
IN: 
0x06ff3a39:  
OBJD-T: c1e00425000f000009d0c70544feff060f270000c70548feff060f270000c705
OBJD-T: 4cfeff060f270000c70550feff060f270000ba6500000089c183e10f89c3c1e8
OBJD-T: 0483f903742c

----------------
IN: 
0x06ff3a7f:  
OBJD-T: 80e30c7512

----------------
IN: 
0x06ff3a84:  
OBJD-T: 83f901741a

----------------
IN: 
0x06ff3a89:  
OBJD-T: 83f9027523

----------------
IN: 
0x06ff3a8e:  
OBJD-T: 891548feff06eb1b

----------------
IN: 
0x06ff3ab1:  
OBJD-T: 4283fa6875b9

----------------
IN: 
0x06ff3a70:  
OBJD-T: 89c183e10f89c3c1e80483f903742c

----------------
IN: 
0x06ff3aa3:  
OBJD-T: 891550feff06eb06

----------------
IN: 
0x06ff3aab:  
OBJD-T: 89154cfeff064283fa6875b9

----------------
IN: 
0x06ff3ab7:  
OBJD-T: ba60ea000031c9b813200f00e857a6ffff

----------------
IN: 
0x06ff3ac8:  
OBJD-T: a3804d0f0031d2b826200f00e815b0ffff

----------------
IN: 
0x06feeaee:  
OBJD-T: 5557565389d7e8f5f5ffff

----------------
IN: 
0x06feeaf9:  
OBJD-T: 85c07429

----------------
IN: 
0x06feeafd:  
OBJD-T: 89c68ba88400000085ed741d

----------------
IN: 
0x06feeb26:  
OBJD-T: 31dbeb23

----------------
IN: 
0x06feeb4d:  
OBJD-T: 89d85b5e5f5dc3

----------------
IN: 
0x06ff3ad9:  
OBJD-T: 89c385c00f84b1000000

----------------
IN: 
0x06ff3b94:  
OBJD-T: 31d2b845200f00e84eafffff

----------------
IN: 
0x06ff3ba0:  
OBJD-T: 89c385c00f84e7000000

----------------
IN: 
0x06ff3c91:  
OBJD-T: c70584600f007bd20f00ba10000000b880600f00e833790ff9

----------------
IN: 
0x000eb5dd:  
OBJD-T: 01c231c939d07405

----------------
IN: 
0x000eb5e5:  
OBJD-T: 020840ebf7

----------------
IN: 
0x000eb5e1:  
OBJD-T: 39d07405

----------------
IN: 
0x000eb5ea:  
OBJD-T: 88c8c3

----------------
IN: 
0x06ff3caa:  
OBJD-T: 28058a600f00b8c0d00f0066a3d7550f0066c705d9550f0000f0ba10000000b8
OBJD-T: d0550f00e80a790ff9

----------------
IN: 
0x06ff3cd3:  
OBJD-T: 2805d6550f00b822d10f0066a3ad600f00b81ed10f0066a3b1600f00ba210000
OBJD-T: 00b8a0600f00e8df780ff9

----------------
IN: 
0x06ff3cfe:  
OBJD-T: 2805a8600f00c605960400001066c7051a0400001e0066c7051c0400001e0066
OBJD-T: c705800400001e0066c705820400003e0066830d100400000481c4940000005b
OBJD-T: 5e5fc3

----------------
IN: 
0x06ffbaf9:  
OBJD-T: e88bb7ffff

----------------
IN: 
0x06ff7289:  
OBJD-T: 5557565381ec8800000031c0e60d

----------------
IN: 
0x06ff7297:  
OBJD-T: e6da

----------------
IN: 
0x06ff7299:  
OBJD-T: b0c0e6d6

----------------
IN: 
0x06ff729d:  
OBJD-T: 31c0e6d4

----------------
IN: 
0x06ff72a1:  
OBJD-T: e81c420ff9

----------------
IN: 
0x000eb4c2:  
OBJD-T: b011e620

----------------
IN: 
0x000eb4c6:  
OBJD-T: e6a0

----------------
IN: 
0x000eb4c8:  
OBJD-T: b008e621

----------------
IN: 
0x000eb4cc:  
OBJD-T: b070e6a1

----------------
IN: 
0x000eb4d0:  
OBJD-T: b004e621

----------------
IN: 
0x000eb4d4:  
OBJD-T: b002e6a1

----------------
IN: 
0x000eb4d8:  
OBJD-T: b001e621

----------------
IN: 
0x000eb4dc:  
OBJD-T: e6a1

----------------
IN: 
0x000eb4de:  
OBJD-T: b0fbe621

----------------
IN: 
0x000eb4e2:  
OBJD-T: b0ffe6a1

----------------
IN: 
0x000eb4e6:  
OBJD-T: c3

----------------
IN: 
0x06ff72a6:  
OBJD-T: c605a14d0f0001b801000000e831560ff9

----------------
IN: 
0x000ec8e8:  
OBJD-T: 5389c389e03d00700000760a

----------------
IN: 
0x000ec8fe:  
OBJD-T: b91800000031d2b89ca10e00e8a1edffff

----------------
IN: 
0x000ec90f:  
OBJD-T: 85db7407

----------------
IN: 
0x000ec913:  
OBJD-T: c6059ca10e0001c6059ea10e00015bc3

----------------
IN: 
0x06ff72b7:  
OBJD-T: ba0100000031c9b8242a0f00e8576effff

----------------
IN: 
0x06fee134:  
OBJD-T: 89f089faeb33

----------------
IN: 
0x06fee16d:  
OBJD-T: 595e5e5f5dc3

----------------
IN: 
0x06ff72c8:  
OBJD-T: a2a04d0f0066830d1004000002ba34d40f000fb7d281ca000000f0b80d000000
OBJD-T: e82261ffff

----------------
IN: 
0x06fed40f:  
OBJD-T: 565389c189d3ba01000000d3e2e421

----------------
IN: 
0x06fed41e:  
OBJD-T: 89d6f7d621f0e621

----------------
IN: 
0x06fed426:  
OBJD-T: e4a1

----------------
IN: 
0x06fed428:  
OBJD-T: 66c1ea08f7d221d0e6a1

----------------
IN: 
0x06fed432:  
OBJD-T: 8d410883f9077e03

----------------
IN: 
0x06fed43a:  
OBJD-T: 8d4168891c85000000005b5ec3

----------------
IN: 
0x06ff72ed:  
OBJD-T: e8e82e0ff9

----------------
IN: 
0x06ff72f2:  
OBJD-T: 8944241485c00f84d7010000

----------------
IN: 
0x06ff74d5:  
OBJD-T: f605c0550f00040f84cd000000

----------------
IN: 
0x06ff75af:  
OBJD-T: 8a0d19ffff0684c9743e

----------------
IN: 
0x06ff75b9:  
OBJD-T: 31c031d2f6c1200f94c00f95c2d3e0d3e2a308ffff0689150cffff0680f92c76
OBJD-T: 1d

----------------
IN: 
0x06ff75f7:  
OBJD-T: 31d2b8102b0f00e8eb74ffff

----------------
IN: 
0x06ff7603:  
OBJD-T: 89c385c07454

----------------
IN: 
0x06ff765d:  
OBJD-T: a120ffff060b0524ffff060f95c00fb6c0a3c4fdff06803d18ffff06007507

----------------
IN: 
0x06ff767c:  
OBJD-T: 31c0a3c4fdff0668432b0f00e82c580ff9

----------------
IN: 
0x06ff768d:  
OBJD-T: baf80c0000b800000080ef

----------------
IN: 
0x06ff7698:  
OBJD-T: ed

----------------
IN: 
0x06ff7699:  
OBJD-T: 5d3d00000080740a

----------------
IN: 
0x06ff76ab:  
OBJD-T: 31d231c9b835160f00e8666affff

----------------
IN: 
0x06ff76b9:  
OBJD-T: 89c3c6442468008d54246831c0e85589ffff

----------------
IN: 
0x06ff0020:  
OBJD-T: 5557565383ec1489c38914245068f8f3ff066815130f00e87dce0ff9

----------------
IN: 
0x06ff003c:  
OBJD-T: 89dfc1e7080fb7ff4f89da89f8e86cc0ffff

----------------
IN: 
0x06fec0ba:  
OBJD-T: 565389c389d6a8077531

----------------
IN: 
0x06fec0f5:  
OBJD-T: 43ebe0

----------------
IN: 
0x06fec0d8:  
OBJD-T: 0fb6c739f07519

----------------
IN: 
0x06fec0df:  
OBJD-T: 0fb7c331d2e8dce30ff9

----------------
IN: 
0x06fec0e9:  
OBJD-T: 486683f8fd760d

----------------
IN: 
0x06fec0fd:  
OBJD-T: 89d85b5ec3

----------------
IN: 
0x06ff004e:  
OBJD-T: 89c683c40c85f67841

----------------
IN: 
0x06ff0057:  
OBJD-T: 0fb7eeba0a00000089e8e85fa40ff9

----------------
IN: 
0x06ff0066:  
OBJD-T: 663d0406751f

----------------
IN: 
0x06ff008b:  
OBJD-T: 89da89f0e826c0ffff

----------------
IN: 
0x06fec0c4:  
OBJD-T: 0fb7c0ba0e000000e832e40ff9

----------------
IN: 
0x000ea503:  
OBJD-T: 89d18b15984d0f000fb7c085d2740a

----------------
IN: 
0x000ea51c:  
OBJD-T: c1e00889ca81e2fc00000009d00d00000080baf80c0000ef

----------------
IN: 
0x000ea534:  
OBJD-T: 83e1038d91fc0c0000ec

----------------
IN: 
0x000ea53e:  
OBJD-T: c3

----------------
IN: 
0x06fec0d1:  
OBJD-T: 84c07820

----------------
IN: 
0x06fec0d5:  
OBJD-T: 83c3080fb6c739f07519

----------------
IN: 
0x06ff0094:  
OBJD-T: 89c6ebbb

----------------
IN: 
0x06ff0053:  
OBJD-T: 85f67841

----------------
IN: 
0x06fec0f0:  
OBJD-T: f6c30774e0

----------------
IN: 
0x06fec0f8:  
OBJD-T: bbffffffff89d85b5ec3

----------------
IN: 
0x06ff0098:  
OBJD-T: 89da89f8e819c0ffff

----------------
IN: 
0x06ff00a1:  
OBJD-T: 89442408837c2408000f88d9010000

----------------
IN: 
0x06ff00b0:  
OBJD-T: 0fb77c2408ba0a00000089f8e804a40ff9

----------------
IN: 
0x06ff00c1:  
OBJD-T: 663d04060f85b3010000

----------------
IN: 
0x06ff027e:  
OBJD-T: 89da8b442408e913feffff

----------------
IN: 
0x06ff009c:  
OBJD-T: e819c0ffff

----------------
IN: 
0x06ff0289:  
OBJD-T: 83c4145b5e5f5dc3

----------------
IN: 
0x06ff76cb:  
OBJD-T: 84db752c

----------------
IN: 
0x06ff76cf:  
OBJD-T: 687b2b0f00e8e0570ff9

----------------
IN: 
0x06ff76d9:  
OBJD-T: e84b91ffff

----------------
IN: 
0x06ff0829:  
OBJD-T: 5557565381ec140400008d442414b90004000031d2e86dae0ff9

----------------
IN: 
0x06ff0843:  
OBJD-T: 31d231c9b835160f00e8ced8ffff

----------------
IN: 
0x06ff0851:  
OBJD-T: 8944241031c08944240889042489442404bbffffffffbdf8fdff06391dcc550f
OBJD-T: 000f8e2a010000

----------------
IN: 
0x06ff0878:  
OBJD-T: 4389d8c1e0080fb7c04889dae831b8ffff

----------------
IN: 
0x06ff0889:  
OBJD-T: 89c785ff0f8801010000

----------------
IN: 
0x06ff0893:  
OBJD-T: b820000000e813e1ffff

----------------
IN: 
0x06ff089d:  
OBJD-T: 89c685c07519

----------------
IN: 
0x06ff08bc:  
OBJD-T: b92000000031d2e8e8ad0ff9

----------------
IN: 
0x06ff08c8:  
OBJD-T: 8d40048944240c89eae8fbb6ffff

----------------
IN: 
0x06ff08d6:  
OBJD-T: ff4424088b449c1485c07522

----------------
IN: 
0x06ff08e2:  
OBJD-T: 395c24047403

----------------
IN: 
0x06ff08eb:  
OBJD-T: 391dcc550f007c09

----------------
IN: 
0x06ff08f3:  
OBJD-T: 8b1424895c2404eb0c

----------------
IN: 
0x06ff0908:  
OBJD-T: 66893e89460c8856020fb7ef31d289e8e8749b0ff9

----------------
IN: 
0x000ea491:  
OBJD-T: 8b0d984d0f000fb7c085c9740a

----------------
IN: 
0x000ea4a8:  
OBJD-T: c1e00881e2fc00000009d00d00000080baf80c0000ef

----------------
IN: 
0x000ea4be:  
OBJD-T: bafc0c0000ed

----------------
IN: 
0x000ea4c4:  
OBJD-T: c3

----------------
IN: 
0x06ff091d:  
OBJD-T: 894610ba0800000089e8e8659b0ff9

----------------
IN: 
0x06ff092c:  
OBJD-T: 89c2c1ea106689561486e066894616ba0e00000089e8e8bc9b0ff9

----------------
IN: 
0x06ff0947:  
OBJD-T: 88461883e07f483c01772e

----------------
IN: 
0x06ff0980:  
OBJD-T: 89da89f8e831b7ffff

----------------
IN: 
0x06ff0989:  
OBJD-T: 89c78b6c240ce9f7feffff

----------------
IN: 
0x06ff088b:  
OBJD-T: 85ff0f8801010000

----------------
IN: 
0x06ff0994:  
OBJD-T: 81fbff0000000f85ccfeffff

----------------
IN: 
0x06ff086c:  
OBJD-T: 391dcc550f000f8e2a010000

----------------
IN: 
0x06ff09a2:  
OBJD-T: 8b3c24397c24100f8fc9feffff

----------------
IN: 
0x06ff09af:  
OBJD-T: ff35cc550f00ff74240c6849160f00e8f6c40ff9

----------------
IN: 
0x06ff09c3:  
OBJD-T: 81c4200400005b5e5f5dc3

----------------
IN: 
0x06ff76de:  
OBJD-T: a128ffff06a3d0fdff0631f68935d4fdff06a1f8fdff068d58fc5feb1b

----------------
IN: 
0x06ff7716:  
OBJD-T: 83fbfc7414

----------------
IN: 
0x06ff771b:  
OBJD-T: 89dab840faff06e8205dffff

----------------
IN: 
0x06fed447:  
OBJD-T: 5389d18b1085d2743c

----------------
IN: 
0x06fed450:  
OBJD-T: 83faff7408

----------------
IN: 
0x06fed455:  
OBJD-T: 0fb7591039da752a

----------------
IN: 
0x06fed45d:  
OBJD-T: 8b500483faff7408

----------------
IN: 
0x06fed465:  
OBJD-T: 0fb7591239da751a

----------------
IN: 
0x06fed46d:  
OBJD-T: 0fb7511433500823500c750e

----------------
IN: 
0x06fed479:  
OBJD-T: 8b581085db7412

----------------
IN: 
0x06fed480:  
OBJD-T: 89c889d95bffe1

----------------
IN: 
0x06fec7b7:  
OBJD-T: a128ffff063d00000080770c

----------------
IN: 
0x06fec7c3:  
OBJD-T: c705d0fdff0600000080eb11

----------------
IN: 
0x06fec7e0:  
OBJD-T: 31c0a3d4fdff06c705c0fdff061ec7fe06c3

----------------
IN: 
0x06ff7727:  
OBJD-T: 8b5b0483eb04ebe7

----------------
IN: 
0x06fed487:  
OBJD-T: 83c014ebbe

----------------
IN: 
0x06fed44a:  
OBJD-T: 8b1085d2743c

----------------
IN: 
0x06fed48c:  
OBJD-T: 83780c0075c3

----------------
IN: 
0x06fed492:  
OBJD-T: 5bc3

----------------
IN: 
0x06ff772f:  
OBJD-T: 68972b0f00e880570ff9

----------------
IN: 
0x06ff7739:  
OBJD-T: a1cc550f00406bc028e86972ffff

----------------
IN: 
0x06ff7747:  
OBJD-T: 89c55b85c07514

----------------
IN: 
0x06ff7762:  
OBJD-T: a1cc550f008d48016bc92831d289e8e83a3f0ff9

----------------
IN: 
0x06ff7776:  
OBJD-T: e85392ffff

----------------
IN: 
0x06ff09ce:  
OBJD-T: 5557565383ec3c894424186875160f00e8d6c40ff9

----------------
IN: 
0x06ff09e3:  
OBJD-T: a1f8fdff068d58fc5883fbfc0f8400020000

----------------
IN: 
0x06ff09f5:  
OBJD-T: 66817b140406750f

----------------
IN: 
0x06ff0a0c:  
OBJD-T: 8b030fb6c46bc0288b7c241801f88944241c837824007504

----------------
IN: 
0x06ff0a24:  
OBJD-T: 897c241c31ed66817b140406750b

----------------
IN: 
0x06ff0a3d:  
OBJD-T: 83fd067409

----------------
IN: 
0x06ff0a42:  
OBJD-T: 8d34ad10000000eb14

----------------
IN: 
0x06ff0a5f:  
OBJD-T: 0fb73b89f289f8e8269a0ff9

----------------
IN: 
0x06ff0a6b:  
OBJD-T: 8944241483fd06752b

----------------
IN: 
0x06ff0a9f:  
OBJD-T: f6442414017538

----------------
IN: 
0x06ff0aa6:  
OBJD-T: 8b44241483e00883f80119c08944240883442408028b44241483e00683f8040f
OBJD-T: 94c00fb6c0890424c744240cf0ffffff31d289542410eb15

----------------
IN: 
0x06ff0af3:  
OBJD-T: b9ffffffff89f289f8e8d3980ff9

----------------
IN: 
0x000ea3d4:  
OBJD-T: 538b1d984d0f000fb7c085db740b

----------------
IN: 
0x000ea3ed:  
OBJD-T: c1e00881e2fc00000009d00d00000080baf80c0000ef

----------------
IN: 
0x000ea403:  
OBJD-T: bafc0c000089c8ef

----------------
IN: 
0x000ea40b:  
OBJD-T: 5bc3

----------------
IN: 
0x06ff0b01:  
OBJD-T: 89f289f8e887990ff9

----------------
IN: 
0x06ff0b0a:  
OBJD-T: 8944242031c0894424248b4c241489f289f8e8b3980ff9

----------------
IN: 
0x06ff0b21:  
OBJD-T: 833c2400745b

----------------
IN: 
0x06ff0b82:  
OBJD-T: 8b4424202344240cf7d831d285d27504

----------------
IN: 
0x06ff0b92:  
OBJD-T: 85c0744a

----------------
IN: 
0x06ff0be0:  
OBJD-T: 4583fd060f8e40feffff

----------------
IN: 
0x06ff0a2a:  
OBJD-T: 66817b140406750b

----------------
IN: 
0x06ff0a4b:  
OBJD-T: 8a431883e07fbe30000000fec87505

----------------
IN: 
0x06ff0a74:  
OBJD-T: b900f8ffff89f289f8e852990ff9

----------------
IN: 
0x06ff0a82:  
OBJD-T: c744240c00f8ffff31c9894c2410c74424080100000031c0890424eb62

----------------
IN: 
0x06ff0bea:  
OBJD-T: 8b5b0483eb04e9f7fdffff

----------------
IN: 
0x06ff09ec:  
OBJD-T: 83fbfc0f8400020000

----------------
IN: 
0x06ff0ade:  
OBJD-T: c744240cfcffffff31c08944241089442408890424b9ffffffff89f289f8e8d3
OBJD-T: 980ff9

----------------
IN: 
0x06ff0b96:  
OBJD-T: 837c2408007417

----------------
IN: 
0x06ff0bb4:  
OBJD-T: ff3424ff74240c5250525089e989da8b442434e8d0e0ffff

----------------
IN: 
0x06feec9c:  
OBJD-T: 5557565383ec1089c7891424894c240c8b442424894424048b44242889442408
OBJD-T: 8b74242c8b6c2430b828000000e8e2fcffff

----------------
IN: 
0x06feecce:  
OBJD-T: 89c385c07514

----------------
IN: 
0x06feece8:  
OBJD-T: b92800000031d2e8bcc90ff9

----------------
IN: 
0x06feecf4:  
OBJD-T: 8b042489038b44240c8943048b4424048943088b44240889430c897310896b14
OBJD-T: 8b4424388943188b44243489431c6bc00c8d5407088b44070885c07432

----------------
IN: 
0x06feed63:  
OBJD-T: 8d4320e866d2ffff

----------------
IN: 
0x06feed6b:  
OBJD-T: 89d883c4105b5e5f5dc3

----------------
IN: 
0x06ff0bcc:  
OBJD-T: 83c41885c0750a

----------------
IN: 
0x06ff0bdd:  
OBJD-T: 032c244583fd060f8e40feffff

----------------
IN: 
0x06ff0b9d:  
OBJD-T: b9ff0f000039c1b90000000019d17207

----------------
IN: 
0x06feed31:  
OBJD-T: 8b028b78f0893c248b48f439f789cf19ef721f

----------------
IN: 
0x06ff0bf5:  
OBJD-T: a1cc550f00894424286bc0288b7c24188d2c07837c2428000f8ed7030000

----------------
IN: 
0x06ff0fea:  
OBJD-T: 31c0eb36

----------------
IN: 
0x06ff1024:  
OBJD-T: 83c43c5b5e5f5dc3

----------------
IN: 
0x06ff777b:  
OBJD-T: 8944240885c00f858b040000

----------------
IN: 
0x06ff7787:  
OBJD-T: 68bb2b0f00e828570ff9

----------------
IN: 
0x06ff7791:  
OBJD-T: 89e8e87050ffff

----------------
IN: 
0x06fec808:  
OBJD-T: 5589e5538b500883ea2031c931db83fae0740e

----------------
IN: 
0x06fec81b:  
OBJD-T: 034a08135a0c8b522083ea20ebed

----------------
IN: 
0x06fec816:  
OBJD-T: 83fae0740e

----------------
IN: 
0x06fec829:  
OBJD-T: 89c889da5b5dc3

----------------
IN: 
0x06ff7798:  
OBJD-T: 59b9ff3f000039c18b7c240819d77327

----------------
IN: 
0x06ff77cf:  
OBJD-T: b900c0000031db894d00895d0489ce89df83c6ff83d7ff01c611d75756535168
OBJD-T: df2b0f00e8c1560ff9

----------------
IN: 
0x06ff77f8:  
OBJD-T: 6a00680000c0feff35d4fdff06ff35d0fdff0668f72b0f00e8a4560ff9

----------------
IN: 
0x06ff7815:  
OBJD-T: 83c428833dc4fdff06007445

----------------
IN: 
0x06ff7866:  
OBJD-T: 89e8e80750ffff

----------------
IN: 
0x06fec874:  
OBJD-T: 5557565383ec088d68188d580c89d8e86affffff

----------------
IN: 
0x06fec7f2:  
OBJD-T: 8b400885c07407

----------------
IN: 
0x06fec7f9:  
OBJD-T: 8b50f48b40f0c3

----------------
IN: 
0x06fec888:  
OBJD-T: 89c689d189e8e85fffffff

----------------
IN: 
0x06fec893:  
OBJD-T: 39c619d17202

----------------
IN: 
0x06fec89b:  
OBJD-T: 89d8e866ffffff

----------------
IN: 
0x06fec8a2:  
OBJD-T: 8904248954240489d8e842ffffff

----------------
IN: 
0x06fec8b0:  
OBJD-T: 89c689d7b80000c0fe31d22b04241b542404f7de83d700f7df21c621d7893389
OBJD-T: 7b0489e8e82fffffff

----------------
IN: 
0x06fec8d9:  
OBJD-T: 89c189d389e8e80effffff

----------------
IN: 
0x06fec8e4:  
OBJD-T: 29ce19dff7d883d200f7da21c621d7897500897d043b35d0fdff0689f81b05d4
OBJD-T: fdff060f92c1bb0000c0fe31c039f319f80f92c009c80fb6c0f7d883c4085b5e
OBJD-T: 5f5dc3

----------------
IN: 
0x06ff786d:  
OBJD-T: 85c075b0

----------------
IN: 
0x06ff7871:  
OBJD-T: e932020000

----------------
IN: 
0x06ff7aa8:  
OBJD-T: 89eb8b4424083b05cc550f007f1e

----------------
IN: 
0x06ff7ab6:  
OBJD-T: 89de89f289e8e8e187ffff

----------------
IN: 
0x06ff02a2:  
OBJD-T: 5557565383ec1c89442418895424108b42088d58e083fbe00f84d4010000

----------------
IN: 
0x06ff02c0:  
OBJD-T: 8b4320894424148b4424108b50048b00890424895424048b73088b7b0c01f011
OBJD-T: fa894424088954240c8b4c241089018951048b4b048b531c8b0383f9ff751e

----------------
IN: 
0x06ff031d:  
OBJD-T: 85c9783d

----------------
IN: 
0x06ff0321:  
OBJD-T: ff34959cfbff065756ff742410ff74241051506875140f00e87bcb0ff9

----------------
IN: 
0x000ec78c:  
OBJD-T: 468b170fb6d66a00b90200000089e8e8f2daffff

----------------
IN: 
0x000ec7a0:  
OBJD-T: ba3a00000089e8e86fdaffff

----------------
IN: 
0x000ec7ac:  
OBJD-T: 8a17c0ea030fb6d26a00b90200000089e8e8d0daffff

----------------
IN: 
0x000ec7c2:  
OBJD-T: ba2e00000089e8e84ddaffff

----------------
IN: 
0x000ec7ce:  
OBJD-T: 8b1783e20731c989e8e892daffff

----------------
IN: 
0x000ec7dc:  
OBJD-T: 585ae98c000000

----------------
IN: 
0x06ff033e:  
OBJD-T: 83c4208b5304ff7318ff742408ff7424088b03e83ed1ffff

----------------
IN: 
0x06fed494:  
OBJD-T: 5557565389c68b4c24148b7c24188b6c241c83fa067409

----------------
IN: 
0x06fed4ab:  
OBJD-T: 8d1c9510000000eb14

----------------
IN: 
0x06fed4c8:  
OBJD-T: 0fb70689dae802cf0ff9

----------------
IN: 
0x06fed4d2:  
OBJD-T: 85ed7411

----------------
IN: 
0x06fed4e7:  
OBJD-T: 5b5e5f5dc3

----------------
IN: 
0x06ff0356:  
OBJD-T: 83c40ce91b010000

----------------
IN: 
0x06ff0479:  
OBJD-T: 8d4320e83fbbffff

----------------
IN: 
0x06febfc0:  
OBJD-T: 89c28b008b5204890285c07403

----------------
IN: 
0x06febfcd:  
OBJD-T: 895004c3

----------------
IN: 
0x06ff0481:  
OBJD-T: 89d8e8c9dfffff

----------------
IN: 
0x06fee451:  
OBJD-T: 85c07418

----------------
IN: 
0x06fee455:  
OBJD-T: e8c2deffff

----------------
IN: 
0x06fec31c:  
OBJD-T: 565389c6e8d9ffffff

----------------
IN: 
0x06fec2fe:  
OBJD-T: 89c131d28b049564feff068b0085c07406

----------------
IN: 
0x06fec30f:  
OBJD-T: 39480875f5

----------------
IN: 
0x06fec309:  
OBJD-T: 8b0085c07406

----------------
IN: 
0x06fec315:  
OBJD-T: 4283fa0575e7

----------------
IN: 
0x06fec302:  
OBJD-T: 8b049564feff068b0085c07406

----------------
IN: 
0x06fec314:  
OBJD-T: c3

----------------
IN: 
0x06fec325:  
OBJD-T: 39f07424

----------------
IN: 
0x06fec329:  
OBJD-T: 89c385c0741e

----------------
IN: 
0x06fec32f:  
OBJD-T: b8ffffffff837b10007418

----------------
IN: 
0x06fec33a:  
OBJD-T: 89d8e8a4ffffff

----------------
IN: 
0x06fec2e5:  
OBJD-T: 8b1085d2740e

----------------
IN: 
0x06fec2eb:  
OBJD-T: 8b4808394a0c7506

----------------
IN: 
0x06fec2f3:  
OBJD-T: 8b480c894a0ce9c2fcffff

----------------
IN: 
0x06fec341:  
OBJD-T: 8d43ece89cffffff

----------------
IN: 
0x06fec349:  
OBJD-T: 31c0eb05

----------------
IN: 
0x06fec352:  
OBJD-T: 5b5ec3

----------------
IN: 
0x06fee45a:  
OBJD-T: 85c0740f

----------------
IN: 
0x06fee46d:  
OBJD-T: c3

----------------
IN: 
0x06ff0488:  
OBJD-T: 8b5c241483eb20e923feffff

----------------
IN: 
0x06ff02b7:  
OBJD-T: 83fbe00f84d4010000

----------------
IN: 
0x06febfd0:  
OBJD-T: c3

----------------
IN: 
0x06ff0494:  
OBJD-T: 83c41c5b5e5f5dc3

----------------
IN: 
0x06ff7ac1:  
OBJD-T: 83c60c8d432439f075ed

----------------
IN: 
0x06ff7ab8:  
OBJD-T: 89f289e8e8e187ffff

----------------
IN: 
0x06fed4b4:  
OBJD-T: 8a401883e07fbb30000000fec87505

----------------
IN: 
0x06ff7acb:  
OBJD-T: ff44240883c328ebd6

----------------
IN: 
0x06ff7aaa:  
OBJD-T: 8b4424083b05cc550f007f1e

----------------
IN: 
0x06ff7ad4:  
OBJD-T: a1f8fdff068d58fc83fbfc0f8484000000

----------------
IN: 
0x06ff7ae5:  
OBJD-T: 0fb74312500fb74310505368872c0f00e8bf530ff9

----------------
IN: 
0x06ff7afa:  
OBJD-T: 0fb733ba3d00000089f0e8fa290ff9

----------------
IN: 
0x06ff7b09:  
OBJD-T: 0fb6d083c41085d27417

----------------
IN: 
0x06ff7b2a:  
OBJD-T: 89dab880faff06e81159ffff

----------------
IN: 
0x06ff7b36:  
OBJD-T: b903010000ba0400000089f0e83f58ffff

----------------
IN: 
0x06fed386:  
OBJD-T: 57565389d689cf0fb7d889d8e82ed10ff9

----------------
IN: 
0x06fed397:  
OBJD-T: 09f80fb7c889f289d85b5e5fe965d00ff9

----------------
IN: 
0x000ea40d:  
OBJD-T: 565389d38b35984d0f000fb7c085f6740c

----------------
IN: 
0x000ea42a:  
OBJD-T: c1e00881e2fc00000009d00d00000080baf80c0000ef

----------------
IN: 
0x000ea440:  
OBJD-T: 83e3028d93fc0c000089c866ef

----------------
IN: 
0x000ea44d:  
OBJD-T: 5b5ec3

----------------
IN: 
0x06ff7b47:  
OBJD-T: f64318017411

----------------
IN: 
0x06ff7b5e:  
OBJD-T: 8b5b0483eb04e973ffffff

----------------
IN: 
0x06ff7adc:  
OBJD-T: 83fbfc0f8484000000

----------------
IN: 
0x06ff049c:  
OBJD-T: 5756535289c666c74424020000bb600000000fb68338fbff0689c189c2c1fa03
OBJD-T: 83e107bf01000000d3e789f9084c14020fb73e89c189da89f8e8769f0ff9

----------------
IN: 
0x000ea450:  
OBJD-T: 565389d38b35984d0f000fb7c085f6740b

----------------
IN: 
0x000ea46c:  
OBJD-T: c1e00881e2fc00000009d00d00000080baf80c0000ef

----------------
IN: 
0x000ea482:  
OBJD-T: 83e3038d93fc0c000088c8ee

----------------
IN: 
0x000ea48e:  
OBJD-T: 5b5ec3

----------------
IN: 
0x06ff04da:  
OBJD-T: 4383fb6475ce

----------------
IN: 
0x06ff04ae:  
OBJD-T: 0fb68338fbff0689c189c2c1fa0383e107bf01000000d3e789f9084c14020fb7
OBJD-T: 3e89c189da89f8e8769f0ff9

----------------
IN: 
0x06ff04e0:  
OBJD-T: 0fb64c2402bad004000088c8ee

----------------
IN: 
0x06ff04ed:  
OBJD-T: 0fb6442403bad1040000ee

----------------
IN: 
0x06ff04f8:  
OBJD-T: 505168b5140f00e8b5c90ff9

----------------
IN: 
0x06ff0504:  
OBJD-T: 83c4105b5e5fc3

----------------
IN: 
0x06fec788:  
OBJD-T: 530fb718b900800000ba4000000089d8e870dc0ff9

----------------
IN: 
0x06fec79d:  
OBJD-T: ba4200000089d85be963dc0ff9

----------------
IN: 
0x06ff7b13:  
OBJD-T: 89d8ff15c0fdff06

----------------
IN: 
0x06fec71e:  
OBJD-T: 5389d331d28b480c8b00c0e8030fb6c085c97406

----------------
IN: 
0x06fec738:  
OBJD-T: 8d4402ff8d4418ff83e0030fb68098fbff065bc3

----------------
IN: 
0x06ff7b1b:  
OBJD-T: 0fb6c8ba3c00000089f0e826290ff9

----------------
IN: 
0x06fefc59:  
OBJD-T: 0fb700a3f0490f00e83daa0ff9

----------------
IN: 
0x000ea6a3:  
OBJD-T: 56530fb7f0b909000000ba3c00000089f0e897fdffff

----------------
IN: 
0x000ea6b9:  
OBJD-T: 668b1dfc490f0089d983c9010fb7c9ba4000000089f0e800fdffff

----------------
IN: 
0x000ea6d4:  
OBJD-T: b901000000ba8000000089f0e86bfdffff

----------------
IN: 
0x000ea6e5:  
OBJD-T: 0fb7cb81c10001000083c901ba9000000089f0e8d7fcffff

----------------
IN: 
0x000ea6fd:  
OBJD-T: b909000000bad200000089f05b5ee940fdffff

----------------
IN: 
0x06fefc66:  
OBJD-T: 0fb715fc490f0089d083c2048915c4550f0083c0080fb7c0e9a5ffffff

----------------
IN: 
0x06fefc28:  
OBJD-T: 66833d78600f00407526

----------------
IN: 
0x06fefc32:  
OBJD-T: 5389c30fb7c05068f60f0f00e876d20ff9

----------------
IN: 
0x06fefc43:  
OBJD-T: 66891d78600f00c7057c600f00fc0d0000585a5bc3

----------------
IN: 
0x06ff7b69:  
OBJD-T: 89e8e8e168ffff

----------------
IN: 
0x06ff7b70:  
OBJD-T: a1f8fdff068d58fc83fbfc7422

----------------
IN: 
0x06ff7b7d:  
OBJD-T: 89d8e8d048ffff

----------------
IN: 
0x06fec454:  
OBJD-T: 6681781400037539

----------------
IN: 
0x06fec495:  
OBJD-T: 31c0c3

----------------
IN: 
0x06ff7b84:  
OBJD-T: 85c0740f

----------------
IN: 
0x06ff7b97:  
OBJD-T: 8b5b0483eb04ebd9

----------------
IN: 
0x06ff7b78:  
OBJD-T: 83fbfc7422

----------------
IN: 
0x06fec45c:  
OBJD-T: 5389c30fb700ba04000000e859e00ff9

----------------
IN: 
0x06fec46c:  
OBJD-T: f7d0a8037415

----------------
IN: 
0x06fec487:  
OBJD-T: 8b5b0c85db75e8

----------------
IN: 
0x06fec48e:  
OBJD-T: b8010000005bc3

----------------
IN: 
0x06ff7b88:  
OBJD-T: 5368a72c0f00e826530ff9

----------------
IN: 
0x06ff7b93:  
OBJD-T: 5b5eeb7b

----------------
IN: 
0x06ff7c12:  
OBJD-T: ba13710000b886800000e8fe49ffff

----------------
IN: 
0x06fec61f:  
OBJD-T: 89c1a1f8fdff0683e80483f8fc7411

----------------
IN: 
0x06fec62e:  
OBJD-T: 663948107506

----------------
IN: 
0x06fec634:  
OBJD-T: 663950127407

----------------
IN: 
0x06fec63a:  
OBJD-T: 8b4004ebe7

----------------
IN: 
0x06fec626:  
OBJD-T: 83e80483f8fc7411

----------------
IN: 
0x06fec641:  
OBJD-T: c3

----------------
IN: 
0x06ff7c21:  
OBJD-T: 89c3ba37120000b886800000e8ed49ffff

----------------
IN: 
0x06ff7c32:  
OBJD-T: 85db7404

----------------
IN: 
0x06ff7c36:  
OBJD-T: 85c07528

----------------
IN: 
0x06ff7c62:  
OBJD-T: 0fb7138915e4490f000fb700a3e0490f00e89d420ff9

----------------
IN: 
0x000ebf15:  
OBJD-T: 555756538b35e4490f0085f60f88e7000000

----------------
IN: 
0x000ebf27:  
OBJD-T: 0fb7f6ba0200000089f0e88fe5ffff

----------------
IN: 
0x000ebf36:  
OBJD-T: 8b1de0490f00663d13717562

----------------
IN: 
0x000ebf42:  
OBJD-T: ba5800000089f0e843e5ffff

----------------
IN: 
0x000ebf4e:  
OBJD-T: 89c70fbae0190f82b4000000

----------------
IN: 
0x000ebf5a:  
OBJD-T: b94a000000ba720000000fb7c3e8e4e4ffff

----------------
IN: 
0x000ebf6c:  
OBJD-T: e854ffffff

----------------
IN: 
0x000ebec5:  
OBJD-T: 5756b800fe0a00be00fe0300b98000000089c7f3a5

----------------
IN: 
0x000ebeda:  
OBJD-T: b800800a00ba008003008b0a89088b5204895004b866d0000031d20fa4c218c1
OBJD-T: e0180d8cc8ea0081ca0000f000a3008003008915048003005e5fc3

----------------
IN: 
0x000ebf71:  
OBJD-T: 81cf0000000289f9ba5800000089f0e84fe4ffff

----------------
IN: 
0x000ebf85:  
OBJD-T: 66a1fc490f008d5028ed

----------------
IN: 
0x000ebf8f:  
OBJD-T: 83c801ef

----------------
IN: 
0x000ebf93:  
OBJD-T: e8cdfeffff

----------------
IN: 
0x000ebe65:  
OBJD-T: 5756b001e6b3

----------------
IN: 
0x000ebe6b:  
OBJD-T: 31c0e6b2

----------------
IN: 
0x00038000:  
OBJD-T: 8cc8ea66d000f0

----------------
IN: 
0x000fd066:  
OBJD-T: 66ba6fd00f00e9cefe

----------------
IN: 
0x000fcf3d:  
OBJD-T: 2e0f011ef8612e0f0116b8610f20c16681e1ffffff1f6683c9010f22c1

----------------
IN: 
0x000fcf5a:  
OBJD-T: 66ea62cf0f000800

----------------
IN: 
0x000fcf62:  
OBJD-T: b9100000008ed9

----------------
IN: 
0x000fcf69:  
OBJD-T: 8ec1

----------------
IN: 
0x000fcf6b:  
OBJD-T: 8ed1

----------------
IN: 
0x000fcf6d:  
OBJD-T: 8ee1

----------------
IN: 
0x000fcf6f:  
OBJD-T: 8ee9ffe2

----------------
IN: 
0x000fd06f:  
OBJD-T: bc00800a00e80d3bffff

----------------
IN: 
0x000f0b86:  
OBJD-T: 5589e557565383e4f883ec480fb7d0e4b2

----------------
IN: 
0x000f0b97:  
OBJD-T: c1e20489d38b92fcfe000081e2ffff020081fb000003007577

----------------
IN: 
0x000f0bb0:  
OBJD-T: 81fa00000200750c

----------------
IN: 
0x000f0bb8:  
OBJD-T: c705f8fe030000000a00eb2a

----------------
IN: 
0x000f0bee:  
OBJD-T: 31c0e6b3

----------------
IN: 
0x000f0bf2:  
OBJD-T: b800000a00be00fe0300b98000000089c7f3a5

----------------
IN: 
0x000f0c05:  
OBJD-T: b800020a00be00fe0300b98000000089c7f3a5

----------------
IN: 
0x000f0c18:  
OBJD-T: c705b4610f0001000000e9ab010000

----------------
IN: 
0x000f0dd2:  
OBJD-T: 8d65f45b5e5f5dc3

----------------
IN: 
0x000fd079:  
OBJD-T: 0faa

----------------
IN: 
0x000ebe6f:  
OBJD-T: e4b3

----------------
IN: 
0x000ebe71:  
OBJD-T: 84c075fa

----------------
IN: 
0x000ebe75:  
OBJD-T: b800fe0300be00fe0a00b98000000089c7f3a5

----------------
IN: 
0x000ebe88:  
OBJD-T: b800800300ba00800a008b0a89088b5204895004b866d0000031d20fa4c218c1
OBJD-T: e0180d8cc8ea0081ca0000f000a300800a00891504800a000f095e5fc3

----------------
IN: 
0x000ebf98:  
OBJD-T: b90a000000ba72000000eb5e

----------------
IN: 
0x000ec002:  
OBJD-T: 0fb7c35b5e5f5de942e4ffff

----------------
IN: 
0x06ff7c78:  
OBJD-T: 8d5424448d44245c508d442450508d4c2450b801000000e8de280ff9

----------------
IN: 
0x06ff7c94:  
OBJD-T: 5d588b44245cf7d0a9201000000f85ce010000

----------------
IN: 
0x06ff7e75:  
OBJD-T: 31d231c9b82c2d0f00e89c62ffff

----------------
IN: 
0x06ff7e83:  
OBJD-T: 89d185d27504

----------------
IN: 
0x06ff7e89:  
OBJD-T: 85c0740c

----------------
IN: 
0x06ff7e99:  
OBJD-T: 31d231c9b8501f0f00e87862ffff

----------------
IN: 
0x06ff7ea7:  
OBJD-T: 89c3a3044b0f00e8e54e0ff9

----------------
IN: 
0x000ecd98:  
OBJD-T: 5166c74424020000833da44c0f00007413

----------------
IN: 
0x000ecda9:  
OBJD-T: 8d442402b902000000ba05000000e8a8ffffff

----------------
IN: 
0x000ecdbc:  
OBJD-T: b088e670

----------------
IN: 
0x000ecdc0:  
OBJD-T: e471

----------------
IN: 
0x000ecdc2:  
OBJD-T: fec07416

----------------
IN: 
0x000ecdc6:  
OBJD-T: b0dfe670

----------------
IN: 
0x000ecdca:  
OBJD-T: e471

----------------
IN: 
0x000ecdcc:  
OBJD-T: 0fb6c04066394424027305

----------------
IN: 
0x000ecddc:  
OBJD-T: 668b4424025ac3

----------------
IN: 
0x06ff7eb3:  
OBJD-T: 0fb7c039c37305

----------------
IN: 
0x06ff7ebf:  
OBJD-T: e8616e0ff9

----------------
IN: 
0x000eed25:  
OBJD-T: 57565383ec108d4c240489e28d44240c508d44240c50b801000000e82db8ffff

----------------
IN: 
0x000eed45:  
OBJD-T: 5a59833c24007407

----------------
IN: 
0x000eed4d:  
OBJD-T: f644240d02751a

----------------
IN: 
0x000eed6e:  
OBJD-T: c705004b0f00010000008b35000001008b3d04000100b87bd00000c1e00831d2
OBJD-T: 0cea80caf0a300000100891504000100a1f000e0fe80cc01a3f000e0fec70550
OBJD-T: 03e0fe00870000c7056003e0fe00840000c705c84a0f0001000000c7050003e0
OBJD-T: fe00450c00c7050003e0fe10460c00e888b9ffff

----------------
IN: 
0x000eed9e:  
OBJD-T: a1f000e0fe

----------------
IN: 
0x000eeda3:  
OBJD-T: 80cc01a3f000e0fec7055003e0fe00870000c7056003e0fe00840000c705c84a
OBJD-T: 0f0001000000c7050003e0fe00450c00c7050003e0fe10460c00e888b9ffff

----------------
IN: 
0x000eeda6:  
OBJD-T: a3f000e0fe

----------------
IN: 
0x000eedab:  
OBJD-T: c7055003e0fe00870000c7056003e0fe00840000c705c84a0f0001000000c705
OBJD-T: 0003e0fe00450c00c7050003e0fe10460c00e888b9ffff

----------------
IN: 
0x000eedab:  
OBJD-T: c7055003e0fe00870000

----------------
IN: 
0x000eedb5:  
OBJD-T: c7056003e0fe00840000c705c84a0f0001000000c7050003e0fe00450c00c705
OBJD-T: 0003e0fe10460c00e888b9ffff

----------------
IN: 
0x000eedb5:  
OBJD-T: c7056003e0fe00840000

----------------
IN: 
0x000eedbf:  
OBJD-T: c705c84a0f0001000000c7050003e0fe00450c00c7050003e0fe10460c00e888
OBJD-T: b9ffff

----------------
IN: 
0x000eedc9:  
OBJD-T: c7050003e0fe00450c00

----------------
IN: 
0x000eedd3:  
OBJD-T: c7050003e0fe10460c00e888b9ffff

----------------
IN: 
0x000eedd3:  
OBJD-T: c7050003e0fe10460c00

----------------
IN: 
0x000eeddd:  
OBJD-T: e888b9ffff

----------------
IN: 
0x000ea76a:  
OBJD-T: 5383ec108d4c240489e28d44240c508d44240c50b801000000e8eafdffff

----------------
IN: 
0x000ea788:  
OBJD-T: 585a813d044b0f00ff000000771e

----------------
IN: 
0x000ea796:  
OBJD-T: 8b54240489d0c1e818c1ea1dbb0100000088c1d3e3091c95e04a0f00eb1f

----------------
IN: 
0x000ea7d3:  
OBJD-T: 83c4105bc3

----------------
IN: 
0x000eede2:  
OBJD-T: e8b1dfffff

----------------
IN: 
0x000eede7:  
OBJD-T: 0fb7d83b1d004b0f00741f

----------------
IN: 
0x000eee11:  
OBJD-T: e8b5dcffff

----------------
IN: 
0x000ecacb:  
OBJD-T: 5389e0bba8610f003d000010007607

----------------
IN: 
0x000ecae1:  
OBJD-T: 89d8e815d7ffff

----------------
IN: 
0x000ea1fd:  
OBJD-T: 8b50048d4afc39c87413

----------------
IN: 
0x000ea21a:  
OBJD-T: c3

----------------
IN: 
0x000ecae8:  
OBJD-T: 81fba8610f007506

----------------
IN: 
0x000ecaf0:  
OBJD-T: 5be9bbffffff

----------------
IN: 
0x000ecab1:  
OBJD-T: 803da14d0f00007503

----------------
IN: 
0x000ecabd:  
OBJD-T: b904890f0031d231c0e95effffff

----------------
IN: 
0x000eca29:  
OBJD-T: 5557565389c689e03d00001000760a

----------------
IN: 
0x000eca42:  
OBJD-T: 89d3a09ca10e008da90000f1ff0fb73da0a10e003c02751d

----------------
IN: 
0x000eca77:  
OBJD-T: b988cf0f00fec8740e

----------------
IN: 
0x000eca8e:  
OBJD-T: 89f0ba46620000ffe1

----------------
IN: 
0x000fcf88:  
OBJD-T: b9300000008ed9

----------------
IN: 
0x000fcf8f:  
OBJD-T: 8ec1

----------------
IN: 
0x000fcf91:  
OBJD-T: 8ed1

----------------
IN: 
0x000fcf93:  
OBJD-T: 8ee1

----------------
IN: 
0x000fcf95:  
OBJD-T: 8ee966ea9dcf2800

----------------
IN: 
0x000fcf9d:  
OBJD-T: 0f20c16683e1fe0f22c1

----------------
IN: 
0x000fcfa7:  
OBJD-T: eaaccf00f0

----------------
IN: 
0x000fcfac:  
OBJD-T: 2e0f011e006231c98ee18ee98ec18ed98ed1

----------------
IN: 
0x000fcfbe:  
OBJD-T: 66ffe2

----------------
IN: 
0x000f6246:  
OBJD-T: 6689f966c1e7048ed1

----------------
IN: 
0x000f624f:  
OBJD-T: 6629fc

----------------
IN: 
0x000f6252:  
OBJD-T: 8ed96689da6689e966e8511a0000

----------------
IN: 
0x000f7cb1:  
OBJD-T: 66556657665666536689c76689d56689ce66e828f3ffff

----------------
IN: 
0x000f6ff0:  
OBJD-T: 665666536683ec0866be80da00008ec6

----------------
IN: 
0x000f7000:  
OBJD-T: 268a1e9cf96631c026a29cf96631c026a3a0f980fb02745b

----------------
IN: 
0x000f7018:  
OBJD-T: 26a09ef984c07509

----------------
IN: 
0x000f7029:  
OBJD-T: 8ec626a1acf967894424022666a1aef967668944240467660f015424028ec626
OBJD-T: a1a2f98ee026a1a4f98ee82666a1a8f96625000000606689c2740f

----------------
IN: 
0x000f7073:  
OBJD-T: 8ec626a09df984c07804

----------------
IN: 
0x000f707d:  
OBJD-T: e670

----------------
IN: 
0x000f707f:  
OBJD-T: e471

----------------
IN: 
0x000f7081:  
OBJD-T: 88d86683c408665b665e66c3

----------------
IN: 
0x000f7cc8:  
OBJD-T: 88c36689ea6689f866ffd6

----------------
IN: 
0x000f8904:  
OBJD-T: 66e804e3ffff

----------------
IN: 
0x000f6c0e:  
OBJD-T: 8cd0660fb7c06631d2663d80da0000750f

----------------
IN: 
0x000f6c2e:  
OBJD-T: 6689d066c3

----------------
IN: 
0x000f890a:  
OBJD-T: 6685c0740f

----------------
IN: 
0x000f891e:  
OBJD-T: fb

----------------
IN: 
0x000f891f:  
OBJD-T: 90

----------------
IN: 
0x000f8920:  
OBJD-T: f390

----------------
IN: 
0x000f8922:  
OBJD-T: fafc66c3

----------------
IN: 
0x000f7cd3:  
OBJD-T: 6689c6660fb6c366e893eeffff

----------------
IN: 
0x000f6b73:  
OBJD-T: 665666536683ec086689c33c027455

----------------
IN: 
0x000f6b82:  
OBJD-T: 0f20c0a8017408

----------------
IN: 
0x000f6b91:  
OBJD-T: 66be80da00008ec62666a3a8f98ce026a3a2f98ce826a3a4f967660f01442402
OBJD-T: 678b44240226a3acf967668b4424042666a3aef966b80100000066e86fffffff

----------------
IN: 
0x000f6b40:  
OBJD-T: 6689c1e492

----------------
IN: 
0x000f6b45:  
OBJD-T: 88c2d0ea6683e2016683e10138ca7406

----------------
IN: 
0x000f6b5b:  
OBJD-T: 88d066c3

----------------
IN: 
0x000f6bd1:  
OBJD-T: 8ec626a29ef98cd066b980da00008ec126a3a0f9e470

----------------
IN: 
0x000f6be7:  
OBJD-T: 88c284c07808

----------------
IN: 
0x000f6bf5:  
OBJD-T: 8ec12688169df926881e9cf96631c06683c408665b665e66c3

----------------
IN: 
0x000f7ce0:  
OBJD-T: 6689f0665b665e665f665d66c3

----------------
IN: 
0x000f6260:  
OBJD-T: 66ba97ca0e00e9d46c

----------------
IN: 
0x000fcf3d:  
OBJD-T: 2e0f011ef8612e0f0116b8610f20c16681e1ffffff1f6683c9010f22c1

----------------
IN: 
0x000fcf5a:  
OBJD-T: 66ea62cf0f000800

----------------
IN: 
0x000fcf62:  
OBJD-T: b9100000008ed9

----------------
IN: 
0x000fcf69:  
OBJD-T: 8ec1

----------------
IN: 
0x000fcf6b:  
OBJD-T: 8ed1

----------------
IN: 
0x000fcf6d:  
OBJD-T: 8ee1

----------------
IN: 
0x000fcf6f:  
OBJD-T: 8ee9ffe2

----------------
IN: 
0x000eca97:  
OBJD-T: 01fc5b5e5f5dc3

----------------
IN: 
0x000eee16:  
OBJD-T: 893500000100893d04000100ff35044b0f005368401b0f00e886e0ffff

----------------
IN: 
0x000eee33:  
OBJD-T: 83c40c83c4105b5e5fc3

----------------
IN: 
0x06ff7ec4:  
OBJD-T: 813d044b0f00ff0000000f87c7030000

----------------
IN: 
0x06ff7ed4:  
OBJD-T: c70540fdff0624504952ba80000000b840fdff06e8f0360ff9

----------------
IN: 
0x06ff7eed:  
OBJD-T: 28055ffdff06833dc8550f0000750a

----------------
IN: 
0x06ff7efc:  
OBJD-T: b840fdff06e8aa9cffff

----------------
IN: 
0x06ff1bb0:  
OBJD-T: 5653668b70066683fe1f7622

----------------
IN: 
0x06ff1bbc:  
OBJD-T: 89c30fb7d6e8179a0ff9

----------------
IN: 
0x06ff1bc6:  
OBJD-T: 84c07514

----------------
IN: 
0x06ff1bca:  
OBJD-T: 0fb7ce89dab830190f00e892ffffff

----------------
IN: 
0x06ff1b6b:  
OBJD-T: 5557565389c789d689cd89c8e865ceffff

----------------
IN: 
0x06fee9e1:  
OBJD-T: b91000000089c2b880feff06e9d3feffff

----------------
IN: 
0x06ff1b7c:  
OBJD-T: 89c385c07511

----------------
IN: 
0x06ff1b93:  
OBJD-T: 5056576816190f00e819b30ff9

----------------
IN: 
0x06ff1ba0:  
OBJD-T: 89df89e9f3a4

----------------
IN: 
0x06ff1ba6:  
OBJD-T: 83c41089d85b5e5f5dc3

----------------
IN: 
0x06ff1bd9:  
OBJD-T: a3c8550f005b5ec3

----------------
IN: 
0x06ff7f06:  
OBJD-T: b800800000e8a06affff

----------------
IN: 
0x06ff7f10:  
OBJD-T: 89c585c07514

----------------
IN: 
0x06ff7f2a:  
OBJD-T: b92c00000031d2e87a370ff9

----------------
IN: 
0x06ff7f36:  
OBJD-T: c70050434d50c6400604c74008424f4348c7400c53435055be442d0f00b90300
OBJD-T: 00008d7810f3a5

----------------
IN: 
0x06ff7f5d:  
OBJD-T: c740240000e0fe8d4c244c8d5424488d44245c508d44245850b801000000e8f2
OBJD-T: 250ff9

----------------
IN: 
0x06ff7f80:  
OBJD-T: 585a837c2448007512

----------------
IN: 
0x06ff7f9b:  
OBJD-T: f644245f107507

----------------
IN: 
0x06ff7fa2:  
OBJD-T: bf01000000eb11

----------------
IN: 
0x06ff7fba:  
OBJD-T: a13000e0fe8904248d452c8944240831f689c33b35044b0f007355

----------------
IN: 
0x06ff7fba:  
OBJD-T: a13000e0fe

----------------
IN: 
0x06ff7fbf:  
OBJD-T: 8904248d452c8944240831f689c33b35044b0f007355

----------------
IN: 
0x06ff7fd5:  
OBJD-T: b91400000031d289d8e8cd360ff9

----------------
IN: 
0x06ff7fe3:  
OBJD-T: c6030089f08843018a042488430289f0c0e8050fb6c08b0485e04a0f00

----------------
IN: 
0x06ff8000:  
OBJD-T: 89f1d3e883e00189c285f60f94c0d1e009d08843038b4424488943048b44245c
OBJD-T: 89430883c31401feeba3

----------------
IN: 
0x06ff7fcd:  
OBJD-T: 3b35044b0f007355

----------------
IN: 
0x06ff802a:  
OBJD-T: 89df2b7c2408c1ff0269ffcdcccccc89de833df8fdff06007424

----------------
IN: 
0x06ff8044:  
OBJD-T: 8d7308b90800000031d289d8e85b360ff9

----------------
IN: 
0x06ff8055:  
OBJD-T: 66c7030100c743025043492066c74306202047b90800000031d289f0e83a360f
OBJD-T: f9

----------------
IN: 
0x06ff8076:  
OBJD-T: c6060129d8c1f8038944240c8a44240c884601c746024953412066c746062020
OBJD-T: 8d4608b908000000e80d360ff9

----------------
IN: 
0x06ff80a3:  
OBJD-T: c7460802001101c7460c0000c0fe8d4702894424308d5e10a1f8fdff0683e804
OBJD-T: 89042466c74424200000c7442428ffffffff833c24fc0f84cb000000

----------------
IN: 
0x06ff80df:  
OBJD-T: 8b04248b00668944240866c1e8080f85b7000000

----------------
IN: 
0x06ff80f3:  
OBJD-T: 0fb77c2408ba3d00000089f8e8ff230ff9

----------------
IN: 
0x06ff8104:  
OBJD-T: 884424180fb6c8894c2438ba3c00000089f8e8e8230ff9

----------------
IN: 
0x06ff811b:  
OBJD-T: 89c7837c2438007475

----------------
IN: 
0x06ff8199:  
OBJD-T: 8b04248b400483e804890424e92bffffff

----------------
IN: 
0x06ff80d5:  
OBJD-T: 833c24fc0f84cb000000

----------------
IN: 
0x06ff8124:  
OBJD-T: 8b44240825f8ff00003b4424287510

----------------
IN: 
0x06ff8143:  
OBJD-T: 8944242866c74424200000b8010000008a4c2418d3e06609442420b908000000
OBJD-T: 31d289d8e844350ff9

----------------
IN: 
0x06ff816c:  
OBJD-T: c70303000100c64304008b44240866c1e803c1e0028a4c24188d51ff09d08843
OBJD-T: 05c643060089f888430783c3088b04248b400483e804890424e92bffffff

----------------
IN: 
0x06ff81aa:  
OBJD-T: 31d231c9b83e1f0f00e8675fffff

----------------
IN: 
0x06ff81b8:  
OBJD-T: 89042431ffb90800000031d289d8e8e5340ff9

----------------
IN: 
0x06ff81cb:  
OBJD-T: b8200e000089f90fa3c87232

----------------
IN: 
0x06ff81d7:  
OBJD-T: c703030000008a44240c884304884b05c6430600884b07833c24007412

----------------
IN: 
0x06ff81f4:  
OBJD-T: 85ff7506

----------------
IN: 
0x06ff81f8:  
OBJD-T: c6430702eb08

----------------
IN: 
0x06ff8206:  
OBJD-T: 83c3084783ff1075ae

----------------
IN: 
0x06ff81bd:  
OBJD-T: b90800000031d289d8e8e5340ff9

----------------
IN: 
0x06ff81fe:  
OBJD-T: 83ff027503

----------------
IN: 
0x06ff8203:  
OBJD-T: 83eb0883c3084783ff1075ae

----------------
IN: 
0x06ff8209:  
OBJD-T: 4783ff1075ae

----------------
IN: 
0x06ff820f:  
OBJD-T: c703040300008a44240c884304c743050000000466c743090100c6430b008843
OBJD-T: 0c66c7430d00ffc6430f018d531029ea29f3c1fb03035c243066895d22668955
OBJD-T: 0489e8e886330ff9

----------------
IN: 
0x06ff8257:  
OBJD-T: 284507b91000000031d28d442468e846340ff9

----------------
IN: 
0x06ff826a:  
OBJD-T: c74424685f4d505f896c246c66c74424700104ba10000000e856330ff9

----------------
IN: 
0x06ff8287:  
OBJD-T: 284424728d442468e8fa99ffff

----------------
IN: 
0x06ff1c8e:  
OBJD-T: 5557565383ec088b700485f60f849b000000

----------------
IN: 
0x06ff1ca0:  
OBJD-T: 89c3ba10000000e831990ff9

----------------
IN: 
0x06ff1cac:  
OBJD-T: 84c00f8587000000

----------------
IN: 
0x06ff1cb4:  
OBJD-T: 0fb64308c1e0048904240fb74604894424048b0424034424043d58020000760f

----------------
IN: 
0x06ff1ce3:  
OBJD-T: e8f9ccffff

----------------
IN: 
0x06ff1ce8:  
OBJD-T: 89c585c07516

----------------
IN: 
0x06ff1d04:  
OBJD-T: 50ff7304536886190f00e8a6b10ff9

----------------
IN: 
0x06ff1d13:  
OBJD-T: 89ef89de8b4c2410f3a4

----------------
IN: 
0x06ff1d1d:  
OBJD-T: 897d04ba1000000089e8e8b1980ff9

----------------
IN: 
0x06ff1d2c:  
OBJD-T: 28450a8b73048b4c2414f3a4

----------------
IN: 
0x06ff1d38:  
OBJD-T: 83c41083c4085b5e5f5dc3

----------------
IN: 
0x06ff8294:  
OBJD-T: 89e8e8b661ffff

----------------
IN: 
0x06ff829b:  
OBJD-T: b8512d0f00e8495effff

----------------
IN: 
0x06ff82a5:  
OBJD-T: 89c3b86a2d0f00e83d5effff

----------------
IN: 
0x06ff82b1:  
OBJD-T: 89c685db0f844b010000

----------------
IN: 
0x06ff82bb:  
OBJD-T: 85c00f8443010000

----------------
IN: 
0x06ff82c3:  
OBJD-T: 8b8b8400000083f91f0f8734010000

----------------
IN: 
0x06ff82d2:  
OBJD-T: 8d54246889d8ff9388000000

----------------
IN: 
0x06ff82de:  
OBJD-T: 8b838400000083f81f0f85b9000000

----------------
IN: 
0x06ff82ed:  
OBJD-T: 817c24685f534d5f0f8500010000

----------------
IN: 
0x06ff82fb:  
OBJD-T: 8b8424800000008944245c31db895c24600fb744247e894424548d4c24548d84
OBJD-T: 2484000000508d442474508d54246489f0e8129affff

----------------
IN: 
0x06ff1d43:  
OBJD-T: 5557565383ec0c89d58b7c24208b7424248b90840000003b117525

----------------
IN: 
0x06ff1d5e:  
OBJD-T: 89cb896c240489c589d0e832ccffff

----------------
IN: 
0x06ff1d6d:  
OBJD-T: 89042485c07516

----------------
IN: 
0x06ff1d8a:  
OBJD-T: 8b8d840000008b142489e8ff9588000000

----------------
IN: 
0x06ff1d9b:  
OBJD-T: 8b85840000008944240831c989c28b0424e8dea8ffff

----------------
IN: 
0x06fec68f:  
OBJD-T: 85c0745c

----------------
IN: 
0x06fec693:  
OBJD-T: 01c285c97427

----------------
IN: 
0x06fec6c0:  
OBJD-T: 39d07217

----------------
IN: 
0x06fec6db:  
OBJD-T: 8d480439d1730a

----------------
IN: 
0x06fec6e2:  
OBJD-T: 0fb6480101c139d17203

----------------
IN: 
0x06fec6ef:  
OBJD-T: c3

----------------
IN: 
0x06ff1db1:  
OBJD-T: 85c0740d

----------------
IN: 
0x06ff1db5:  
OBJD-T: 803800744d

----------------
IN: 
0x06ff1dba:  
OBJD-T: 89c18b542408ebe7

----------------
IN: 
0x06ff1da9:  
OBJD-T: 8b0424e8dea8ffff

----------------
IN: 
0x06fec699:  
OBJD-T: 538d590431c039da7236

----------------
IN: 
0x06fec6a3:  
OBJD-T: 0fb641018d44010239d07328

----------------
IN: 
0x06fec6af:  
OBJD-T: 8078ff007403

----------------
IN: 
0x06fec6b5:  
OBJD-T: 40ebf3

----------------
IN: 
0x06fec6ab:  
OBJD-T: 39d07328

----------------
IN: 
0x06fec6b8:  
OBJD-T: 8078fe0075f7

----------------
IN: 
0x06fec6be:  
OBJD-T: eb06

----------------
IN: 
0x06fec6c6:  
OBJD-T: 8d480439d1730a

----------------
IN: 
0x06fec6cd:  
OBJD-T: 0fb6480101c139d17202

----------------
IN: 
0x06fec6d9:  
OBJD-T: 5bc3

----------------
IN: 
0x06fec6d7:  
OBJD-T: 31c05bc3

----------------
IN: 
0x06ff1dc2:  
OBJD-T: b8ed190f00e8b4850ff9

----------------
IN: 
0x06ff1dcc:  
OBJD-T: 89c1b8704a0f00e8a8850ff9

----------------
IN: 
0x06ff1dd8:  
OBJD-T: 01c1b8f5190f00e89c850ff9

----------------
IN: 
0x06ff1de4:  
OBJD-T: 8d44011c0fb7d08b2bb9ffff000029e939d17313

----------------
IN: 
0x06ff1e0b:  
OBJD-T: 01ea891385ff0f8543010000

----------------
IN: 
0x06ff1f5a:  
OBJD-T: 6639070f83b4feffff

----------------
IN: 
0x06ff1e17:  
OBJD-T: 85f67403

----------------
IN: 
0x06ff1e1b:  
OBJD-T: 66ff06be010000008b033d580200007607

----------------
IN: 
0x06ff1e33:  
OBJD-T: e8a9cbffff

----------------
IN: 
0x06ff1e38:  
OBJD-T: 89c385c0751c

----------------
IN: 
0x06ff1e5a:  
OBJD-T: 8b442404891831c989480485f60f84d3000000

----------------
IN: 
0x06ff1e6d:  
OBJD-T: 8d6b18c70300180000b8ed190f00e800850ff9

----------------
IN: 
0x06ff1e80:  
OBJD-T: 8d480183f9017e17

----------------
IN: 
0x06ff1e88:  
OBJD-T: beed190f0089eff3a4

----------------
IN: 
0x06ff1e91:  
OBJD-T: 89fdb001c744240401000000eb08

----------------
IN: 
0x06ff1ea7:  
OBJD-T: 884304be704a0f0031ff85f6741d

----------------
IN: 
0x06ff1eb5:  
OBJD-T: 89f0e8c4840ff9

----------------
IN: 
0x06ff1ebc:  
OBJD-T: 8d480183f9017e0e

----------------
IN: 
0x06ff1ec4:  
OBJD-T: 89eff3a4

----------------
IN: 
0x06ff1ec8:  
OBJD-T: 89fdff4424048b7c240489f888430566c7430600e8b8f5190f00e899840ff9

----------------
IN: 
0x06ff1ee7:  
OBJD-T: 8d480131c083f9017e13

----------------
IN: 
0x06ff1ef1:  
OBJD-T: bef5190f0089eff3a4

----------------
IN: 
0x06ff1efa:  
OBJD-T: 89fdff4424048a442404884308c64309008d430ab90800000031d2e896970ff9

----------------
IN: 
0x06ff1f1a:  
OBJD-T: c6430a08c743120004000066c74316ffffc64500008d5d01837c2404007507

----------------
IN: 
0x06ff1f40:  
OBJD-T: 89df8b34248b4c2408f3a4

----------------
IN: 
0x06ff1f4b:  
OBJD-T: 8b0424e8fec4ffff

----------------
IN: 
0x06ff1f53:  
OBJD-T: b801000000eb11

----------------
IN: 
0x06ff1f6b:  
OBJD-T: 83c40c5b5e5f5dc3

----------------
IN: 
0x06ff8331:  
OBJD-T: 5e5f85c00f84cb000000

----------------
IN: 
0x06ff833b:  
OBJD-T: 8b54245c837c246000750b

----------------
IN: 
0x06ff8346:  
OBJD-T: 8b4424543dffff00007614

----------------
IN: 
0x06ff8365:  
OBJD-T: 89942480000000668944247eba100000008d442468e85e320ff9

----------------
IN: 
0x06ff837f:  
OBJD-T: 2844246c0fb654246d83ea108d442478e849320ff9

----------------
IN: 
0x06ff8394:  
OBJD-T: 2844247d8d442468e84098ffff

----------------
IN: 
0x06ff1be1:  
OBJD-T: 833d30ffff0600755b

----------------
IN: 
0x06ff1bea:  
OBJD-T: 81385f534d5f7553

----------------
IN: 
0x06ff1bf2:  
OBJD-T: 57565389c3ba10000000e8dc990ff9

----------------
IN: 
0x06ff1c01:  
OBJD-T: 84c0753c

----------------
IN: 
0x06ff1c05:  
OBJD-T: b905000000ba34190f008d4310e876870ff9

----------------
IN: 
0x06ff1c17:  
OBJD-T: 85c07526

----------------
IN: 
0x06ff1c1b:  
OBJD-T: 0fb673058d56f08d4310e8b3990ff9

----------------
IN: 
0x06ff1c2a:  
OBJD-T: 84c07513

----------------
IN: 
0x06ff1c2e:  
OBJD-T: 89f189dab83a190f00e82fffffff

----------------
IN: 
0x06ff1c3c:  
OBJD-T: a330ffff065b5e5fc3

----------------
IN: 
0x06ff83a1:  
OBJD-T: e95c0b0000

----------------
IN: 
0x06ff8f02:  
OBJD-T: 8d54245cb8c61f0f00e8de5bffff

----------------
IN: 
0x06feeb09:  
OBJD-T: 8d4501e88efeffff

----------------
IN: 
0x06feeb11:  
OBJD-T: 89c385c07513

----------------
IN: 
0x06feeb2a:  
OBJD-T: 89e989c289f0ff9688000000

----------------
IN: 
0x06feeb36:  
OBJD-T: 85c07909

----------------
IN: 
0x06feeb43:  
OBJD-T: 85ff7402

----------------
IN: 
0x06feeb47:  
OBJD-T: 892fc6042b0089d85b5e5f5dc3

----------------
IN: 
0x06ff8f10:  
OBJD-T: 8944240885c00f843e040000

----------------
IN: 
0x06ff8f1c:  
OBJD-T: 8b44245c8944240c83e07f894424147414

----------------
IN: 
0x06ff8f41:  
OBJD-T: 8b44240cc1e8078d04c504000000e85c5affff

----------------
IN: 
0x06ff8f54:  
OBJD-T: 89042485c07514

----------------
IN: 
0x06ff8f6f:  
OBJD-T: 8b042431d289108b4424088d6804b8fcffffff2b442408894424288b44242801
OBJD-T: e83944240c0f8ea4030000

----------------
IN: 
0x06ff8f9a:  
OBJD-T: 8b45fc83f8030f8483010000

----------------
IN: 
0x06ff8fa6:  
OBJD-T: 7713

----------------
IN: 
0x06ff8fa8:  
OBJD-T: 83f801741c

----------------
IN: 
0x06ff8fc9:  
OBJD-T: 8b7d388d47ff85f80f85a9000000

----------------
IN: 
0x06ff8fd7:  
OBJD-T: 8a453c3c01740e

----------------
IN: 
0x06ff8fde:  
OBJD-T: be80feff063c02740a

----------------
IN: 
0x06ff8ff1:  
OBJD-T: 807d37000f8585000000

----------------
IN: 
0x06ff8ffb:  
OBJD-T: 8b04248b18

----------------
IN: 
0x06ff9000:  
OBJD-T: 89e8e8e750ffff

----------------
IN: 
0x06ff9007:  
OBJD-T: 8b0c248d1cd989430485c00f841e030000

----------------
IN: 
0x06ff9018:  
OBJD-T: 8b908400000085d20f8410030000

----------------
IN: 
0x06ff9026:  
OBJD-T: 89f983ff107305

----------------
IN: 
0x06ff9032:  
OBJD-T: 89f0e88c58ffff

----------------
IN: 
0x06ff9039:  
OBJD-T: 89c685c0750f

----------------
IN: 
0x06ff904e:  
OBJD-T: 8b43048b888400000089f2ff9088000000

----------------
IN: 
0x06ff905f:  
OBJD-T: 8b53043982840000007409

----------------
IN: 
0x06ff9073:  
OBJD-T: 8973088b0424ff00e9b6020000

----------------
IN: 
0x06ff9336:  
OBJD-T: 83ed80e94cfcffff

----------------
IN: 
0x06ff8f8a:  
OBJD-T: 8b44242801e83944240c0f8ea4030000

----------------
IN: 
0x06ff8fec:  
OBJD-T: be84feff06807d37000f8585000000

----------------
IN: 
0x06ff9129:  
OBJD-T: 8b142489e8e8f437ffff

----------------
IN: 
0x06fec927:  
OBJD-T: 80783700752f

----------------
IN: 
0x06fec92d:  
OBJD-T: 5557565389d689c78b2a31db39dd7e1b

----------------
IN: 
0x06fec93d:  
OBJD-T: 8b44de0483c00489fae863da0ff9

----------------
IN: 
0x000ea3cb:  
OBJD-T: 4084d275e5

----------------
IN: 
0x000ea3b5:  
OBJD-T: 8a14013a1403740e

----------------
IN: 
0x000ea3c4:  
OBJD-T: b8ffffffffeb07

----------------
IN: 
0x06fec94b:  
OBJD-T: 85c07506

----------------
IN: 
0x06fec955:  
OBJD-T: 43ebe1

----------------
IN: 
0x06fec939:  
OBJD-T: 39dd7e1b

----------------
IN: 
0x000ea3d0:  
OBJD-T: 31c05bc3

----------------
IN: 
0x06fec94f:  
OBJD-T: 8d44de04eb0a

----------------
IN: 
0x06fec95f:  
OBJD-T: 5b5e5f5dc3

----------------
IN: 
0x06ff9133:  
OBJD-T: 89c185c07431

----------------
IN: 
0x06ff9139:  
OBJD-T: 8b400485c0742a

----------------
IN: 
0x06ff9140:  
OBJD-T: 8b7d38897c24188b098bb18400000039f77317

----------------
IN: 
0x06ff9153:  
OBJD-T: 8b4d3c8b5d4089cf31d201df0f92c239fe7204

----------------
IN: 
0x06ff9166:  
OBJD-T: 85d2740f

----------------
IN: 
0x06ff9179:  
OBJD-T: 8b74241801c601c889dae855240ff9

----------------
IN: 
0x06ff9188:  
OBJD-T: 2806e9a7010000

----------------
IN: 
0x06ff8fad:  
OBJD-T: 83f8020f84d9000000

----------------
IN: 
0x06ff908f:  
OBJD-T: 8b7d7031c0894424688944246c8b142489e8e88138ffff

----------------
IN: 
0x06ff90a6:  
OBJD-T: 89c68d45388b1424e87438ffff

----------------
IN: 
0x06ff90b3:  
OBJD-T: 89c285c07439

----------------
IN: 
0x06ff90b9:  
OBJD-T: 85f67435

----------------
IN: 
0x06ff90bd:  
OBJD-T: 8b460485c0742e

----------------
IN: 
0x06ff90c4:  
OBJD-T: 8b5a04895c241885db7423

----------------
IN: 
0x06ff90cf:  
OBJD-T: 0fb65d7489f901d97219

----------------
IN: 
0x06ff90d9:  
OBJD-T: 8b36398e84000000720f

----------------
IN: 
0x06ff90e3:  
OBJD-T: 8d4bff80f9077707

----------------
IN: 
0x06ff90eb:  
OBJD-T: 8d4bff85d9740f

----------------
IN: 
0x06ff9101:  
OBJD-T: 01f88d7c246889c689d9f3a4

----------------
IN: 
0x06ff910d:  
OBJD-T: 8b7c2418017c24688354246c0089c78d74246889d9f3a4

----------------
IN: 
0x06ff9124:  
OBJD-T: e90d020000

----------------
IN: 
0x06ff8fb6:  
OBJD-T: e97b030000

----------------
IN: 
0x06ff933e:  
OBJD-T: 8b0424e80b51ffff

----------------
IN: 
0x06ff9346:  
OBJD-T: 8b442408e80251ffff

----------------
IN: 
0x06ff934f:  
OBJD-T: eb11

----------------
IN: 
0x06ff9362:  
OBJD-T: bdc0550f00bbcf4d0f0083e3f089ef83e7f039df7216

----------------
IN: 
0x06ff9378:  
OBJD-T: 89de89ea29da89d8e82340ffff

----------------
IN: 
0x06fed3a8:  
OBJD-T: 57565389d68b1081f2525344208b480481f15054522009ca7544

----------------
IN: 
0x06fed406:  
OBJD-T: b8ffffffff5b5e5fc3

----------------
IN: 
0x06ff9385:  
OBJD-T: 85c07907

----------------
IN: 
0x06ff9389:  
OBJD-T: 83c310ebe6

----------------
IN: 
0x06ff9374:  
OBJD-T: 39df7216

----------------
IN: 
0x06fed3c2:  
OBJD-T: 83fe13763f

----------------
IN: 
0x06fed3c7:  
OBJD-T: 89c3ba14000000e80ae20ff9

----------------
IN: 
0x06fed3d3:  
OBJD-T: 84c0b8ffffffff752f

----------------
IN: 
0x06fed3dc:  
OBJD-T: 807b0f01761b

----------------
IN: 
0x06fed3fd:  
OBJD-T: bf1400000089f8eb05

----------------
IN: 
0x06fed40b:  
OBJD-T: 5b5e5fc3

----------------
IN: 
0x06ff9390:  
OBJD-T: 8935b84c0f0085f60f8449010000

----------------
IN: 
0x06ff939e:  
OBJD-T: e8409cffff

----------------
IN: 
0x06ff2fe3:  
OBJD-T: 565383ec2cb846414350e8a9b40ff9

----------------
IN: 
0x000ee49b:  
OBJD-T: 56538b1db84c0f0085db0f84a5000000

----------------
IN: 
0x000ee4ab:  
OBJD-T: 817b04505452200f8596000000

----------------
IN: 
0x000ee4b8:  
OBJD-T: 813b525344200f858a000000

----------------
IN: 
0x000ee4c4:  
OBJD-T: 89c28b4318837b1c00740b

----------------
IN: 
0x000ee4da:  
OBJD-T: 85c074f1

----------------
IN: 
0x000ee4cf:  
OBJD-T: 8b431031db85c07542

----------------
IN: 
0x000ee51a:  
OBJD-T: 813852534454752e

----------------
IN: 
0x000ee522:  
OBJD-T: 8b480401c183c02439c87320

----------------
IN: 
0x000ee52e:  
OBJD-T: 8b1885db7404

----------------
IN: 
0x000ee534:  
OBJD-T: 39137405

----------------
IN: 
0x000ee53d:  
OBJD-T: 5352683d120f00e870e9ffff

----------------
IN: 
0x000ee549:  
OBJD-T: 83c40ceb02

----------------
IN: 
0x000ee550:  
OBJD-T: 89d85b5ec3

----------------
IN: 
0x06ff2ff2:  
OBJD-T: 85c07436

----------------
IN: 
0x06ff2ff6:  
OBJD-T: 8b582885db742f

----------------
IN: 
0x06ff2ffd:  
OBJD-T: 8b7304

----------------
IN: 
0x06ff3000:  
OBJD-T: 565368f41e0f00e8ad9e0ff9

----------------
IN: 
0x06ff300c:  
OBJD-T: b92c00000031d28d44240ce894860ff9

----------------
IN: 
0x06ff301c:  
OBJD-T: 56b92400000089dae85bffffff

----------------
IN: 
0x06ff2f84:  
OBJD-T: 5557565389c689d589cb8b7c24148d541d0089f0e8fbfcffff

----------------
IN: 
0x06ff2c98:  
OBJD-T: 5557565383ec1089c78b402883f8107522

----------------
IN: 
0x06ff2ccb:  
OBJD-T: 89d3408947280fb60a80f9147711

----------------
IN: 
0x06ff2cd9:  
OBJD-T: ff248d94f0ff06

----------------
IN: 
0x06ff2d6c:  
OBJD-T: 8d5424088d4301e8329cffff

----------------
IN: 
0x06fec9aa:  
OBJD-T: 565389c131db891a0fb60088c3c0eb0680fb027422

----------------
IN: 
0x06fec9bf:  
OBJD-T: 80fb03740d

----------------
IN: 
0x06fec9c4:  
OBJD-T: fecb7540

----------------
IN: 
0x06fec9c8:  
OBJD-T: 31c0bb02000000eb23

----------------
IN: 
0x06fec9f4:  
OBJD-T: 0fb67101c1e60409c689328a0183e00f09f0eb05

----------------
IN: 
0x06feca0d:  
OBJD-T: 890289d85b5ec3

----------------
IN: 
0x06ff2d78:  
OBJD-T: 89c58d54030189f8e836a8ffff

----------------
IN: 
0x06fed5bb:  
OBJD-T: 5557565383ec0889c189d589442404bb010000008d43ff8a541dff80fa5a7729

----------------
IN: 
0x06fed604:  
OBJD-T: 80fa5e0f8493000000

----------------
IN: 
0x06fed60d:  
OBJD-T: 80fa5f0f849d000000

----------------
IN: 
0x06fed616:  
OBJD-T: 80fa5c0f85a4000000

----------------
IN: 
0x06fed61f:  
OBJD-T: 8b4424048d500189542404c6005c43eb9f

----------------
IN: 
0x06fed5cf:  
OBJD-T: 8d43ff8a541dff80fa5a7729

----------------
IN: 
0x06fed5db:  
OBJD-T: 80fa400f87cf000000

----------------
IN: 
0x06fed5e4:  
OBJD-T: 80fa2e7447

----------------
IN: 
0x06fed5e9:  
OBJD-T: 80fa2f746f

----------------
IN: 
0x06fed5ee:  
OBJD-T: 84d20f85cd000000

----------------
IN: 
0x06fed5f6:  
OBJD-T: 89d88b542404c60200e9c6000000

----------------
IN: 
0x06fed6ca:  
OBJD-T: 83c4085b5e5f5dc3

----------------
IN: 
0x06ff2d85:  
OBJD-T: 8b7424088d4c0500568d530189f8e8ec010000

----------------
IN: 
0x06ff2cea:  
OBJD-T: 80f95b0f8450010000

----------------
IN: 
0x06ff2e43:  
OBJD-T: 0fb64a0180f9817466

----------------
IN: 
0x06ff2e4c:  
OBJD-T: 7741

----------------
IN: 
0x06ff2e4e:  
OBJD-T: 80f901744d

----------------
IN: 
0x06ff2e53:  
OBJD-T: 80f9800f85fa000000

----------------
IN: 
0x06ff2e5c:  
OBJD-T: 8d520289f8e855a7ffff

----------------
IN: 
0x06fed6b3:  
OBJD-T: 8d54240489e8e8b0feffff

----------------
IN: 
0x06fed56e:  
OBJD-T: 8b0a85c97446

----------------
IN: 
0x06fed574:  
OBJD-T: 56538a188d7101893288198a580180fb5f7409

----------------
IN: 
0x06fed587:  
OBJD-T: 8b0a8d7101893288198a580280fb5f7409

----------------
IN: 
0x06fed598:  
OBJD-T: 8b0a8d7101893288198a480380f95f7409

----------------
IN: 
0x06fed5b2:  
OBJD-T: 8b02c600005b5ec3

----------------
IN: 
0x06fed6be:  
OBJD-T: 8d4303eb07

----------------
IN: 
0x06ff2e66:  
OBJD-T: 89c68d6f248d44030331c989eae867a4ffff

----------------
IN: 
0x06fed2df:  
OBJD-T: 5389cb80380c7730

----------------
IN: 
0x06fed2e7:  
OBJD-T: 0fb608ff248d38f0ff06

----------------
IN: 
0x06fed2fe:  
OBJD-T: 0fb7400131d2b903000000eb2b

----------------
IN: 
0x06fed336:  
OBJD-T: 85db7405

----------------
IN: 
0x06fed33f:  
OBJD-T: 89c85bc3

----------------
IN: 
0x06ff2e78:  
OBJD-T: 8d7406038d043331c989eae857a4ffff

----------------
IN: 
0x06fed32a:  
OBJD-T: b901000000b80100000031d285db7405

----------------
IN: 
0x06ff2e88:  
OBJD-T: 01c6e9e8000000

----------------
IN: 
0x06ff2f77:  
OBJD-T: ff4f2889f083c4105b5e5f5dc3

----------------
IN: 
0x06ff2f9d:  
OBJD-T: 01c339fb743b

----------------
IN: 
0x06ff2fa3:  
OBJD-T: 7e1a

----------------
IN: 
0x06ff2fbf:  
OBJD-T: 837e240074cd

----------------
IN: 
0x06ff2f92:  
OBJD-T: 8d541d0089f0e8fbfcffff

----------------
IN: 
0x06ff2eb2:  
OBJD-T: 80cd5b8d53026a0189f8e895fdffff

----------------
IN: 
0x06ff2c56:  
OBJD-T: 565383ec0c89c689d35168951e0f006a088d44241050e8acfcffff

----------------
IN: 
0x06ff291d:  
OBJD-T: 5383ec0c8b5c24148b54241831c085d27434

----------------
IN: 
0x06ff292f:  
OBJD-T: c70424e2bffe06895c240401da895424088d4c242089e08b54241ce8229d0ff9

----------------
IN: 
0x06febfe2:  
OBJD-T: 89d18b50043b50087305

----------------
IN: 
0x06febfec:  
OBJD-T: 880aff4004c3

----------------
IN: 
0x06ff294f:  
OBJD-T: 8b4424048b54240839d07203

----------------
IN: 
0x06ff295e:  
OBJD-T: c6000029d883c40c5bc3

----------------
IN: 
0x06ff2c71:  
OBJD-T: 8d54241089d8e82e9dffff

----------------
IN: 
0x06feca08:  
OBJD-T: bb01000000890289d85b5ec3

----------------
IN: 
0x06ff2c7c:  
OBJD-T: 89d4837c241800740a

----------------
IN: 
0x06ff2c85:  
OBJD-T: 8d140389f0e82ca9ffff

----------------
IN: 
0x06ff2c8f:  
OBJD-T: 8b042483c40c5b5ec3

----------------
IN: 
0x06ff2ec1:  
OBJD-T: 8d700259e9ad000000

----------------
IN: 
0x06ff2e07:  
OBJD-T: 8d52016a01b91400000089f8e83efeffff

----------------
IN: 
0x06fed5a9:  
OBJD-T: 8b028d5801891a88088b02c600005b5ec3

----------------
IN: 
0x06ff2e18:  
OBJD-T: 8d70018b6f205885ed0f8450010000

----------------
IN: 
0x06ff2fde:  
OBJD-T: 5b5e5f5dc3

----------------
IN: 
0x06ff2d98:  
OBJD-T: 46e926010000

----------------
IN: 
0x06ff2ec4:  
OBJD-T: 59e9ad000000

----------------
IN: 
0x06ff2e8f:  
OBJD-T: 80f9827436

----------------
IN: 
0x06ff2eca:  
OBJD-T: 8d5424088d4302e8d49affff

----------------
IN: 
0x06ff2ed6:  
OBJD-T: 89c58d54030289f8e8d8a6ffff

----------------
IN: 
0x06ff2ee3:  
OBJD-T: 890424b828000000e8c0baffff

----------------
IN: 
0x06ff2ef0:  
OBJD-T: 8947208b74240885c07518

----------------
IN: 
0x06ff2f13:  
OBJD-T: 032c24b92800000031d2e88e870ff9

----------------
IN: 
0x06ff2f22:  
OBJD-T: 8b4720ba30fdff06e8a290ffff

----------------
IN: 
0x06ff2f2f:  
OBJD-T: 83c008b92000000089fae8b490ffff

----------------
IN: 
0x06ff2f3e:  
OBJD-T: 5689e98d530289f8e839000000

----------------
IN: 
0x06ff2d18:  
OBJD-T: 8d520189f8e899a8ffff

----------------
IN: 
0x06ff2d22:  
OBJD-T: 89c68d54030189f8e869ffffff

----------------
IN: 
0x06ff2f72:  
OBJD-T: be05000000ff4f2889f083c4105b5e5f5dc3

----------------
IN: 
0x06ff2d2f:  
OBJD-T: 8d7406018b6f2085ed0f8439020000

----------------
IN: 
0x06ff2d3e:  
OBJD-T: baaf1e0f0089f8e864760ff9

----------------
IN: 
0x06ff2d4a:  
OBJD-T: 85c00f85d5000000

----------------
IN: 
0x06ff2d52:  
OBJD-T: 895d18e9cd000000

----------------
IN: 
0x06ff2e27:  
OBJD-T: bab41e0f0089f8e87b750ff9

----------------
IN: 
0x06ff2e33:  
OBJD-T: 85c00f853c010000

----------------
IN: 
0x06ff2f6b:  
OBJD-T: be01000000eb05

----------------
IN: 
0x06ff2f4b:  
OBJD-T: 31c08947205a83c602eb21

----------------
IN: 
0x06fed630:  
OBJD-T: 8d441d008d542404e831ffffff

----------------
IN: 
0x06fed63d:  
OBJD-T: 8b4424048d500189542404c6002e8d441d048d542404e816ffffff

----------------
IN: 
0x06fed658:  
OBJD-T: 8d4308eb6d

----------------
IN: 
0x06fed2f1:  
OBJD-T: 0fb6400131d2b902000000eb38

----------------
IN: 
0x06ff2ea0:  
OBJD-T: 8d520289f8e811a7ffff

----------------
IN: 
0x06ff2eaa:  
OBJD-T: 8d7003e9c5000000

----------------
IN: 
0x06ff2d9e:  
OBJD-T: 8d5424048d4301e8009cffff

----------------
IN: 
0x06ff2daa:  
OBJD-T: 89c68d4c24088d57248d440301e823a5ffff

----------------
IN: 
0x06fed33a:  
OBJD-T: 890389530489c85bc3

----------------
IN: 
0x06ff2dbc:  
OBJD-T: 8904248b6f2085ed7421

----------------
IN: 
0x06ff2dc6:  
OBJD-T: bab91e0f0089f8e8dc750ff9

----------------
IN: 
0x06ff2dd2:  
OBJD-T: 85c07511

----------------
IN: 
0x06ff2de7:  
OBJD-T: 8b4424048d7001e984010000

----------------
IN: 
0x06ff2e3b:  
OBJD-T: 895d1ce934010000

----------------
IN: 
0x06ff2f5d:  
OBJD-T: be02000000eb13

----------------
IN: 
0x06fed30b:  
OBJD-T: 8b400131d2b905000000eb1f

----------------
IN: 
0x06ff2dd6:  
OBJD-T: 0334248d5c3301895d208b4424088945248b4424048d7001e984010000

----------------
IN: 
0x06ff2d5a:  
OBJD-T: be010000008a04334684c075f8

----------------
IN: 
0x06ff2d5f:  
OBJD-T: 8a04334684c075f8

----------------
IN: 
0x06ff2d67:  
OBJD-T: e90b020000

----------------
IN: 
0x06fed65d:  
OBJD-T: 0fb67c1d0089f9884c2403438d74050231ed39ef7e23

----------------
IN: 
0x06fed673:  
OBJD-T: 85ed740e

----------------
IN: 
0x06fed685:  
OBJD-T: 8d54240489f0e8defeffff

----------------
IN: 
0x06fed690:  
OBJD-T: 4583c604ebd9

----------------
IN: 
0x06fed66f:  
OBJD-T: 39ef7e23

----------------
IN: 
0x06fed677:  
OBJD-T: 8b5424048d4a01894c2404c6022e8d54240489f0e8defeffff

----------------
IN: 
0x06fed696:  
OBJD-T: 0fb67424038d04b3eb2a

----------------
IN: 
0x06ff2e94:  
OBJD-T: 8d417d3c027617

----------------
IN: 
0x06ff2df3:  
OBJD-T: 8d52016a0089f8e857feffff

----------------
IN: 
0x06ff2dff:  
OBJD-T: 8d7001e9bd000000

----------------
IN: 
0x06fed590:  
OBJD-T: 8a580280fb5f7409

----------------
IN: 
0x06ff3029:  
OBJD-T: 83c41083c42c5b5ec3

----------------
IN: 
0x06ff93a3:  
OBJD-T: bac42d0f0031c0e8d697ffff

----------------
IN: 
0x06ff2b85:  
OBJD-T: 57565383ec0c89c35268881e0f006a0a8d74240e56e87efdffff

----------------
IN: 
0x06ff2b9f:  
OBJD-T: 89c783c41085db7511

----------------
IN: 
0x06ff2ba8:  
OBJD-T: 8b1d30fdff0685db741b

----------------
IN: 
0x06ff2bb2:  
OBJD-T: 8b431885c07504

----------------
IN: 
0x06ff2bb9:  
OBJD-T: 8b1bebf1

----------------
IN: 
0x06ff2bae:  
OBJD-T: 85db741b

----------------
IN: 
0x06ff2bbd:  
OBJD-T: 83c00589f989f2e8c4770ff9

----------------
IN: 
0x06ff2bc9:  
OBJD-T: 85c075ec

----------------
IN: 
0x06ff2bcd:  
OBJD-T: 89d883c40c5b5e5fc3

----------------
IN: 
0x06ff93af:  
OBJD-T: 89c385c00f844f010000

----------------
IN: 
0x06ff9508:  
OBJD-T: 66833d78600f0040744b

----------------
IN: 
0x06ff9512:  
OBJD-T: b034e643

----------------
IN: 
0x06ff9516:  
OBJD-T: 31c0e640

----------------
IN: 
0x06ff951a:  
OBJD-T: e640

----------------
IN: 
0x06ff951c:  
OBJD-T: b08ae670

----------------
IN: 
0x06ff9520:  
OBJD-T: b026e671

----------------
IN: 
0x06ff9524:  
OBJD-T: b08be670

----------------
IN: 
0x06ff9528:  
OBJD-T: e471

----------------
IN: 
0x06ff952a:  
OBJD-T: 83e00183c802e671

----------------
IN: 
0x06ff9532:  
OBJD-T: b08ce670

----------------
IN: 
0x06ff9536:  
OBJD-T: e471

----------------
IN: 
0x06ff9538:  
OBJD-T: b08de670

----------------
IN: 
0x06ff953c:  
OBJD-T: e471

----------------
IN: 
0x06ff953e:  
OBJD-T: b08ae670

----------------
IN: 
0x06ff9542:  
OBJD-T: e471

----------------
IN: 
0x06ff9544:  
OBJD-T: 84c00f8941010000

----------------
IN: 
0x06ff968d:  
OBJD-T: b080e670

----------------
IN: 
0x06ff9691:  
OBJD-T: e471

----------------
IN: 
0x06ff9693:  
OBJD-T: 88c1b082e670

----------------
IN: 
0x06ff9699:  
OBJD-T: e471

----------------
IN: 
0x06ff969b:  
OBJD-T: 88c3b084e670

----------------
IN: 
0x06ff96a1:  
OBJD-T: e471

----------------
IN: 
0x06ff96a3:  
OBJD-T: 88c2c0ea040fb6d26bd20a83e00f01d06bc03c88dac0ea040fb6d26bd20a83e3
OBJD-T: 0f01da01d06bc03c88cac0ea040fb6d26bd20a83e10f01ca01d069c0e8030000
OBJD-T: ba999e3600f7e205ffff000083d2000facd010c1ea1005b70b0000b9b80b0000
OBJD-T: 31d2f7f1a36c040000b0b2e670

----------------
IN: 
0x06ff9710:  
OBJD-T: e471

----------------
IN: 
0x06ff9712:  
OBJD-T: a238990e00baa5fe0f000fb7d281ca000000f031c0e8e33cffff

----------------
IN: 
0x06fed43d:  
OBJD-T: 891c85000000005b5ec3

----------------
IN: 
0x06ff972c:  
OBJD-T: ba22d40f000fb7d281ca000000f0b808000000e8cb3cffff

----------------
IN: 
0x06ff9744:  
OBJD-T: b854504d32e84d4d0ff9

----------------
IN: 
0x000ee538:  
OBJD-T: 83c004ebed

----------------
IN: 
0x000ee52a:  
OBJD-T: 39c87320

----------------
IN: 
0x000ee54e:  
OBJD-T: 31db89d85b5ec3

----------------
IN: 
0x06ff974e:  
OBJD-T: 85c07513

----------------
IN: 
0x06ff9752:  
OBJD-T: b854435041e83f4d0ff9

----------------
IN: 
0x06ff975c:  
OBJD-T: 85c0751c

----------------
IN: 
0x06ff9760:  
OBJD-T: e90f010000

----------------
IN: 
0x06ff9874:  
OBJD-T: 81c4880000005b5e5f5dc3

----------------
IN: 
0x06ffbafe:  
OBJD-T: e8e2e60ef9

----------------
IN: 
0x000ea1e5:  
OBJD-T: 31c0803da04d0f0002750c

----------------
IN: 
0x000ea1fc:  
OBJD-T: c3

----------------
IN: 
0x06ffbb03:  
OBJD-T: 85c07405

----------------
IN: 
0x06ffbb0c:  
OBJD-T: 68d2360f00e8a3130ff9

----------------
IN: 
0x06ffbb16:  
OBJD-T: ba0100000031c9b8eb360f00e8f825ffff

----------------
IN: 
0x06ffbb27:  
OBJD-T: a3904d0f00ba0100000031c9b803370f00e8e225ffff

----------------
IN: 
0x06ffbb3d:  
OBJD-T: a38c4d0f00ba0200000031c9b81a370f00e8cc25ffff

----------------
IN: 
0x06ffbb53:  
OBJD-T: a34cffff06ba0100000031c9b831370f00e8b625ffff

----------------
IN: 
0x06ffbb69:  
OBJD-T: a3884d0f00e8eee90ef9

----------------
IN: 
0x000ea561:  
OBJD-T: a1944d0f008b400c83e8102500f8ffffc3

----------------
IN: 
0x06ffbb73:  
OBJD-T: 8d880000f4ff31d2b800000c00e82bfb0ef9

----------------
IN: 
0x06ffbb85:  
OBJD-T: a1f8fdff068d58fc5d83fbfc0f84e2010000

----------------
IN: 
0x06ffbb97:  
OBJD-T: 89d8e8b608ffff

----------------
IN: 
0x06ffbb9e:  
OBJD-T: 85c07508

----------------
IN: 
0x06ffbba2:  
OBJD-T: 8b5b0483eb04ebe4

----------------
IN: 
0x06ffbb8e:  
OBJD-T: 83fbfc0f84e2010000

----------------
IN: 
0x06ffbbaa:  
OBJD-T: ba46370f00b8731b0f00e8f5e70ef9

----------------
IN: 
0x06ffbbb9:  
OBJD-T: 85c07529

----------------
IN: 
0x06ffbbe6:  
OBJD-T: ba57370f00b8731b0f00e8b9e70ef9

----------------
IN: 
0x06ffbbf5:  
OBJD-T: 85c07517

----------------
IN: 
0x06ffbc10:  
OBJD-T: ba62370f00b8731b0f00e88fe70ef9

----------------
IN: 
0x06ffbc1f:  
OBJD-T: 85c07529

----------------
IN: 
0x06ffbc4c:  
OBJD-T: ba6f370f00b8731b0f00e853e70ef9

----------------
IN: 
0x06ffbc5b:  
OBJD-T: 85c07529

----------------
IN: 
0x06ffbc88:  
OBJD-T: 8b4310663d06110f85b6000000

----------------
IN: 
0x06ffbd4b:  
OBJD-T: 663d86807518

----------------
IN: 
0x06ffbd69:  
OBJD-T: 31c9ba0100000089d8e88a98ffff

----------------
IN: 
0x06ff5601:  
OBJD-T: 5557565383ec2489c3891424894c24040fb74012500fb74310506865250f006a
OBJD-T: 118d74242356e8f1d2ffff

----------------
IN: 
0x06ff562c:  
OBJD-T: 89f0e8bb8affff

----------------
IN: 
0x06ff5633:  
OBJD-T: 89c583c41485c07407

----------------
IN: 
0x06ff5643:  
OBJD-T: 833d4cffff06017f10

----------------
IN: 
0x06ff565c:  
OBJD-T: 89d8e820a6ffff

----------------
IN: 
0x06fefc83:  
OBJD-T: 5557565351f640187f0f852b010000

----------------
IN: 
0x06fefc92:  
OBJD-T: 89c70fb730ba3000000089f0e8eea70ff9

----------------
IN: 
0x06fefca3:  
OBJD-T: 89c3b9feffffffba3000000089f0e81ea70ff9

----------------
IN: 
0x06fefcb6:  
OBJD-T: ba3000000089f0e8cfa70ff9

----------------
IN: 
0x06fefcc2:  
OBJD-T: 89dd83e5fe8d50ff83fafd0f87dc000000

----------------
IN: 
0x06fefcd3:  
OBJD-T: 39e80f84d4000000

----------------
IN: 
0x06fefcdb:  
OBJD-T: 8d85000040003dffff3f010f86c3000000

----------------
IN: 
0x06fefcec:  
OBJD-T: 89d983c901ba3000000089f0e8d7a60ff9

----------------
IN: 
0x06fefcfd:  
OBJD-T: 89ea66813a55aa0f85a5000000

----------------
IN: 
0x06fefd0a:  
OBJD-T: 0fb75a1889d801d3813b504349520f8591000000

----------------
IN: 
0x06fefd1e:  
OBJD-T: a803741d

----------------
IN: 
0x06fefd3f:  
OBJD-T: 85db746c

----------------
IN: 
0x06fefd43:  
OBJD-T: 8b4710663943047510

----------------
IN: 
0x06fefd4c:  
OBJD-T: 668b4712663943067506

----------------
IN: 
0x06fefd56:  
OBJD-T: 807b14007411

----------------
IN: 
0x06fefd6d:  
OBJD-T: 0fb67a02891424c1e70989f8e814c6ffff

----------------
IN: 
0x06fec392:  
OBJD-T: 538b1560feff068d8c02ff07000081e100f8ffffe8b6e10ff9

----------------
IN: 
0x06fec3ab:  
OBJD-T: 39c8721b

----------------
IN: 
0x06fec3af:  
OBJD-T: 8b1d944d0f00b800a80d0039c87302

----------------
IN: 
0x06fec3c0:  
OBJD-T: 83c01089430889d0eb02

----------------
IN: 
0x06fec3cc:  
OBJD-T: 5bc3

----------------
IN: 
0x06fefd7e:  
OBJD-T: 89c385c08b14247511

----------------
IN: 
0x06fefd98:  
OBJD-T: 89f9e83ae4ffff

----------------
IN: 
0x06fee1d9:  
OBJD-T: 5557565389c389d689cde8e3e80ff9

----------------
IN: 
0x000ffea5:  
OBJD-T: 6668fcf00000e933d4

----------------
IN: 
0x000fd2e1:  
OBJD-T: fafc1e665066b880da00008ed866a190f16683e82867668f401c678f00676689
OBJD-T: 78046766897008676689680c676689581067668950146766894818678c400266
OBJD-T: 596766896020678c50248cda8ed2

----------------
IN: 
0x000fd32f:  
OBJD-T: 6689c4

----------------
IN: 
0x000fd332:  
OBJD-T: 66ffd1

----------------
IN: 
0x000ff0fc:  
OBJD-T: 66556657665666536683ec3c66b8400000008ec02666a16c006640663daf0018
OBJD-T: 00760d

----------------
IN: 
0x000ff12c:  
OBJD-T: 66ba400000008ec22666a36c008ec226a0400084c07419

----------------
IN: 
0x000ff15c:  
OBJD-T: 2e668b3670606685f60f84ac01

----------------
IN: 
0x000ff315:  
OBJD-T: 2e668b2e6c606685ed0f848100

----------------
IN: 
0x000ff3a3:  
OBJD-T: 66be80da00008ec6268b1e54f185db0f844e01

----------------
IN: 
0x000ff504:  
OBJD-T: 66b9260000006631d267668d44241666e8277cffff

----------------
IN: 
0x000f7140:  
OBJD-T: 66496788140875f8

----------------
IN: 
0x000f7148:  
OBJD-T: 66c3

----------------
IN: 
0x000ff519:  
OBJD-T: 67c744243a000266ba50ff0000660fb7d266e8628cffff

----------------
IN: 
0x000f8192:  
OBJD-T: 678950208cca678950228cd2660fb7d2e9acff

----------------
IN: 
0x000f8151:  
OBJD-T: 6657665666536689c36689d166e8abeaffff

----------------
IN: 
0x000f6c1f:  
OBJD-T: 6689e06631d2663d98f100000f97c26689d066c3

----------------
IN: 
0x000f8163:  
OBJD-T: 6685c07416

----------------
IN: 
0x000f8168:  
OBJD-T: 660fb7d166b9518100006689d8665b665e665fe9ccef

----------------
IN: 
0x000f714a:  
OBJD-T: 6657665666536689c66689d366e8b2faffff

----------------
IN: 
0x000f715c:  
OBJD-T: 6685c0750f

----------------
IN: 
0x000f7170:  
OBJD-T: 6689f06689da668b3690f18cd366892690f167668b7efc8ed7

----------------
IN: 
0x000f7189:  
OBJD-T: 678b66f8

----------------
IN: 
0x000f718d:  
OBJD-T: 8edf66ffd1

----------------
IN: 
0x000f817e:  
OBJD-T: 6689d86689ca66e8374e0000

----------------
IN: 
0x000fcfc1:  
OBJD-T: 6655665066528eda0e6803d067ff70246766ff702067668b780467668b700867
OBJD-T: 668b680c67668b581067668b501467668b4818678e40026766ff701c678e18

----------------
IN: 
0x000fd000:  
OBJD-T: 6658cf

----------------
IN: 
0x000fff50:  
OBJD-T: cd1c

----------------
IN: 
0x000fff53:  
OBJD-T: cf

----------------
IN: 
0x000fff52:  
OBJD-T: cb

----------------
IN: 
0x000fd003:  
OBJD-T: 9cfafc1e6650678e5c240867668b44240c67668f401c678f0067668978046766
OBJD-T: 897008676689680c676689581067668950146766894818678c4002678f40248c
OBJD-T: d18ed9665a6658665d66c3

----------------
IN: 
0x000f818a:  
OBJD-T: 665b665e665f66c3

----------------
IN: 
0x000f7192:  
OBJD-T: 8edb8ed3

----------------
IN: 
0x000f7196:  
OBJD-T: 668b2690f1

----------------
IN: 
0x000f719b:  
OBJD-T: 66893690f1665b665e665f66c3

----------------
IN: 
0x000ff530:  
OBJD-T: b020e620

----------------
IN: 
0x000ff534:  
OBJD-T: 6683c43c665b665e665f665d66c3

----------------
IN: 
0x000fd335:  
OBJD-T: 6689e0678e5024

----------------
IN: 
0x000fd33c:  
OBJD-T: 67668b6020

----------------
IN: 
0x000fd341:  
OBJD-T: 67668b780467668b700867668b680c67668b581067668b501467668b4818678e
OBJD-T: 40026766ff701c678e186658cf

----------------
IN: 
0x06fee1e8:  
OBJD-T: 83fd037621

----------------
IN: 
0x06fee1ed:  
OBJD-T: 89e881fd000800007605

----------------
IN: 
0x06fee1f7:  
OBJD-T: b80008000089c1c1e90283e0fc29c589dff3a5

----------------
IN: 
0x06fee20a:  
OBJD-T: 89fbebd5

----------------
IN: 
0x06fee1e3:  
OBJD-T: e8e3e80ff9

----------------
IN: 
0x06fee1fc:  
OBJD-T: 89c1c1e90283e0fc29c589dff3a5

----------------
IN: 
0x06fee20e:  
OBJD-T: 85ed7406

----------------
IN: 
0x06fee218:  
OBJD-T: 5b5e5f5dc3

----------------
IN: 
0x06fefd9f:  
OBJD-T: 89e9ba3000000089f0e827a60ff9

----------------
IN: 
0x06fefdad:  
OBJD-T: eb10

----------------
IN: 
0x06fefdbf:  
OBJD-T: 89d85a5b5e5f5dc3

----------------
IN: 
0x06ff5663:  
OBJD-T: 85c00f84b5000000

----------------
IN: 
0x06ff566b:  
OBJD-T: 8b3d64000000897c2408bff2e60f000fb7d781ca000000f08954240c0fb7701a
OBJD-T: 01c6813e24506e507402

----------------
IN: 
0x06ff5695:  
OBJD-T: 31f6837c2404007418

----------------
IN: 
0x06ff56b6:  
OBJD-T: 0fb7138b0c2489442404e8e9fdffff

----------------
IN: 
0x06ff54ae:  
OBJD-T: 5557565383ec2489c789d689cde8298f0ff9

----------------
IN: 
0x000ee3e9:  
OBJD-T: 66813855aa7544

----------------
IN: 
0x000ee3f0:  
OBJD-T: 565389c60fb6580231c084db7439

----------------
IN: 
0x000ee3fe:  
OBJD-T: c1e30989da89f0e8d3d1ffff

----------------
IN: 
0x000ee40a:  
OBJD-T: 0fb6d0b80100000084d27421

----------------
IN: 
0x000ee437:  
OBJD-T: 5b5ec3

----------------
IN: 
0x06ff54c0:  
OBJD-T: 85c00f84e7000000

----------------
IN: 
0x06ff54c8:  
OBJD-T: 0fb64f02c1e10989c8890c24e8b96effff

----------------
IN: 
0x06ff54d9:  
OBJD-T: 89c385c08b0c24750f

----------------
IN: 
0x06ff54f1:  
OBJD-T: 39c77407

----------------
IN: 
0x06ff54fc:  
OBJD-T: 803d01990e0000744c

----------------
IN: 
0x06ff5551:  
OBJD-T: 85ed750d

----------------
IN: 
0x06ff5562:  
OBJD-T: 0fb7ceba0300000089d8e8b5990ff9

----------------
IN: 
0x000eef26:  
OBJD-T: 57565383ec2889d689cfc1e80489c30fb7c2500fb7c3506844250f00e872dfff
OBJD-T: ff

----------------
IN: 
0x000eef47:  
OBJD-T: b92600000031d28d44240ee859c7ffff

----------------
IN: 
0x000eef57:  
OBJD-T: 66c7442432000266897c242a66c744241effff66c7442422ffff66c744241000
OBJD-T: f0b8a0600f006689442412668974242e66895c2430e89cceffff

----------------
IN: 
0x000ebe2d:  
OBJD-T: e8b3e3ffff

----------------
IN: 
0x000ebe32:  
OBJD-T: 85c0742e

----------------
IN: 
0x000ebe64:  
OBJD-T: c3

----------------
IN: 
0x000eef91:  
OBJD-T: b801000000e84dd9ffff

----------------
IN: 
0x000eef9b:  
OBJD-T: b951810f0031d28d44240ee87edaffff

----------------
IN: 
0x000c0003:  
OBJD-T: e9c955

----------------
IN: 
0x000c55cf:  
OBJD-T: fafc6650665166526653665566566657061e8cd08ed86689e3660fb7e46689e0
OBJD-T: 50e887df

----------------
IN: 
0x000c357a:  
OBJD-T: 66556689e56657665666536683ec1c6689c36668f09800006668b857000050e8
OBJD-T: e3ee

----------------
IN: 
0x000c247f:  
OBJD-T: 66556689e56657665666536683ec0c67668b7d086689eb9c6683c30c9d

----------------
IN: 
0x000c249c:  
OBJD-T: 2e678a0784c00f849402

----------------
IN: 
0x000c24a6:  
OBJD-T: 3c257513

----------------
IN: 
0x000c24bd:  
OBJD-T: 660fbec0e95e02

----------------
IN: 
0x000c2722:  
OBJD-T: 50e8fcd8

----------------
IN: 
0x000c0022:  
OBJD-T: 2e8b160e9985d27401

----------------
IN: 
0x000c002b:  
OBJD-T: ee

----------------
IN: 
0x000c002c:  
OBJD-T: c20200

----------------
IN: 
0x000c2726:  
OBJD-T: 6689feeb03

----------------
IN: 
0x000c272e:  
OBJD-T: 6689f79c6683c7019d

----------------
IN: 
0x000c2737:  
OBJD-T: e962fd

----------------
IN: 
0x000c24aa:  
OBJD-T: 6689fe9c6683c6019d

----------------
IN: 
0x000c24b3:  
OBJD-T: 67c645e8206631c0eb21

----------------
IN: 
0x000c24de:  
OBJD-T: 2e678a0e67884df088ca6683e93080f90976d3

----------------
IN: 
0x000c24f1:  
OBJD-T: eb0f

----------------
IN: 
0x000c2502:  
OBJD-T: 6631c980fa6c7518

----------------
IN: 
0x000c2522:  
OBJD-T: 80fa640f848100

----------------
IN: 
0x000c2529:  
OBJD-T: 7f37

----------------
IN: 
0x000c2562:  
OBJD-T: 80fa730f849201

----------------
IN: 
0x000c26fb:  
OBJD-T: 6689d99c6683c1049d

----------------
IN: 
0x000c2704:  
OBJD-T: 67668b1b2e678a0384c0741b

----------------
IN: 
0x000c2710:  
OBJD-T: 660fbec050e80ad9

----------------
IN: 
0x000c2718:  
OBJD-T: 6643ebec

----------------
IN: 
0x000c2708:  
OBJD-T: 2e678a0384c0741b

----------------
IN: 
0x000c272b:  
OBJD-T: 6689cb6689f79c6683c7019d

----------------
IN: 
0x000c273a:  
OBJD-T: 6683c40c665b665e665f665dc20200

----------------
IN: 
0x000c359c:  
OBJD-T: 6658665a6668a09800006668d757000050e8cfee

----------------
IN: 
0x000c35b0:  
OBJD-T: 6659665e6668cc5a00006668e557000050e8bbee

----------------
IN: 
0x000c35c4:  
OBJD-T: 665f66586689d850e87af1

----------------
IN: 
0x000c2749:  
OBJD-T: 66556689e566536685c0750e

----------------
IN: 
0x000c2763:  
OBJD-T: 6689c38cd0660fb7c0665067660fb74302665067660fb70366506766ff731467
OBJD-T: 66ff73186766ff73106766ff731c6668f756000050e8e4fc

----------------
IN: 
0x000c24c4:  
OBJD-T: 6685c0742a

----------------
IN: 
0x000c24f3:  
OBJD-T: 80fa3075d1

----------------
IN: 
0x000c24f8:  
OBJD-T: 67c645e8306631c0ebda

----------------
IN: 
0x000c24dc:  
OBJD-T: 66462e678a0e67884df088ca6683e93080f90976d3

----------------
IN: 
0x000c24c9:  
OBJD-T: 666bc00a67660fb64df09c6601c86683c0d09d

----------------
IN: 
0x000c2569:  
OBJD-T: 7f32

----------------
IN: 
0x000c259d:  
OBJD-T: 80fa757431

----------------
IN: 
0x000c25a2:  
OBJD-T: 80fa787445

----------------
IN: 
0x000c25ec:  
OBJD-T: 80fa580f94c2660fb6d267668955f067668b3b6766897dec84c97468

----------------
IN: 
0x000c2670:  
OBJD-T: 6689df9c6683c7049d

----------------
IN: 
0x000c2679:  
OBJD-T: 67668b55ec66bb0100000066c1ea047404

----------------
IN: 
0x000c268a:  
OBJD-T: 6643ebf6

----------------
IN: 
0x000c2684:  
OBJD-T: 66c1ea047404

----------------
IN: 
0x000c268e:  
OBJD-T: 6629d86689c167660fbe45e86685c97e08

----------------
IN: 
0x000c269f:  
OBJD-T: 664950e87dd9

----------------
IN: 
0x000c26a5:  
OBJD-T: ebf3

----------------
IN: 
0x000c269a:  
OBJD-T: 6685c97e08

----------------
IN: 
0x000c26a7:  
OBJD-T: 67668b4df06689da67668b45ec50e891e6

----------------
IN: 
0x000c0d49:  
OBJD-T: 66556689e5665666536689c36689ce6683fa047467

----------------
IN: 
0x000c0d5e:  
OBJD-T: 7f12

----------------
IN: 
0x000c0d60:  
OBJD-T: 6683fa020f848100

----------------
IN: 
0x000c0de9:  
OBJD-T: 6689d866c1e8046683e00f6689f250e821ff

----------------
IN: 
0x000c0d1c:  
OBJD-T: 6689c19c6683c0309d

----------------
IN: 
0x000c0d25:  
OBJD-T: 6683f9097617

----------------
IN: 
0x000c0d42:  
OBJD-T: 660fbec0e9d9f2

----------------
IN: 
0x000c0dfb:  
OBJD-T: 6689d86683e00f6689f2665b665e665de90eff

----------------
IN: 
0x000c26b8:  
OBJD-T: 6689fbeb71

----------------
IN: 
0x000c0dc5:  
OBJD-T: 6689d866c1e80c6683e00f6689f250e845ff

----------------
IN: 
0x000c0d2b:  
OBJD-T: 6689c89c6683c0579d

----------------
IN: 
0x000c0d34:  
OBJD-T: 6685d27409

----------------
IN: 
0x000c0dd7:  
OBJD-T: 6689d866c1e8086683e00f6689f250e833ff

----------------
IN: 
0x000c0d68:  
OBJD-T: 6683fa030f858b00

----------------
IN: 
0x000c279b:  
OBJD-T: 6683c42067660fb74324665067660fb74320665067660fb7432266506689d89c
OBJD-T: 6683c0269d

----------------
IN: 
0x000c27c0:  
OBJD-T: 66506766ff730c6766ff73046766ff730866683257000050e8a4fc

----------------
IN: 
0x000c27db:  
OBJD-T: 6683c42067668b5dfc6689ec665dc20200

----------------
IN: 
0x000c35cf:  
OBJD-T: 2e66a170986685c07554

----------------
IN: 
0x000c35d9:  
OBJD-T: 67660fb75b1c6689d966c1e1086681c9000000806689c866baf80c000066ef

----------------
IN: 
0x000c35f8:  
OBJD-T: 66bafc0c0000ed

----------------
IN: 
0x000c35ff:  
OBJD-T: 2e8b16809839c27525

----------------
IN: 
0x000c3608:  
OBJD-T: 6689c866baf80c000066ef

----------------
IN: 
0x000c3613:  
OBJD-T: 66bafe0c0000ed

----------------
IN: 
0x000c361a:  
OBJD-T: 2e8b16829839c2750a

----------------
IN: 
0x000c3623:  
OBJD-T: 8cc88ec02666891e7498b0c366bac2030000ee

----------------
IN: 
0x000c3636:  
OBJD-T: 66b80402000066bac4030000ef

----------------
IN: 
0x000c3643:  
OBJD-T: 6631c066bace010000ef

----------------
IN: 
0x000c364d:  
OBJD-T: 66b8c0b0ffff66bacf010000ef

----------------
IN: 
0x000c365a:  
OBJD-T: 6631c066bace010000ef

----------------
IN: 
0x000c3664:  
OBJD-T: 66bacf010000ed

----------------
IN: 
0x000c366b:  
OBJD-T: 3dc0b0740f

----------------
IN: 
0x000c367f:  
OBJD-T: 6631c066bace010000ef

----------------
IN: 
0x000c3689:  
OBJD-T: 66b8c5b0ffff66bacf010000ef

----------------
IN: 
0x000c3696:  
OBJD-T: 8cc88ec066b8010000002666a3d85a2e66a170986689c76685c00f85a502

----------------
IN: 
0x000c36b4:  
OBJD-T: 2e668b0e74986685c90f88c100

----------------
IN: 
0x000c36c1:  
OBJD-T: 6689cb66c1e3086681e300ffff006689d8660d0000008066baf80c000066ef

----------------
IN: 
0x000c36e0:  
OBJD-T: 66bafc0c0000ed

----------------
IN: 
0x000c36e7:  
OBJD-T: 3d34127417

----------------
IN: 
0x000c3703:  
OBJD-T: 6689d8660d1800008066baf80c000066ef

----------------
IN: 
0x000c3714:  
OBJD-T: 66bafc0c000066ed

----------------
IN: 
0x000c371c:  
OBJD-T: 6683e0fc67668945f06631f66689f09c66c1e0026683c0109d

----------------
IN: 
0x000c3735:  
OBJD-T: 6609d8660d0000008066baf80c000066ef

----------------
IN: 
0x000c3746:  
OBJD-T: 66bafc0c000066ed

----------------
IN: 
0x000c374e:  
OBJD-T: 6683e0f06689c366566689c86683e00766506689c8c1e8036683e01f6650660f
OBJD-T: b6cd665166682958000050e803ed

----------------
IN: 
0x000c25aa:  
OBJD-T: 67668b3b84c97506

----------------
IN: 
0x000c25b2:  
OBJD-T: 6683c304eb04

----------------
IN: 
0x000c25bc:  
OBJD-T: 6685ff790d

----------------
IN: 
0x000c25ce:  
OBJD-T: 6689f8eb12

----------------
IN: 
0x000c25e5:  
OBJD-T: 50e80efa

----------------
IN: 
0x000c1ff7:  
OBJD-T: 66556689e566566653

----------------
IN: 
0x000c2000:  
OBJD-T: 6683ec0c6689c367c645f7006689e99c6683c1f69d

----------------
IN: 
0x000c2015:  
OBJD-T: 66be0a0000006689d86631d266f7f66683c2306788116683fb097607

----------------
IN: 
0x000c2038:  
OBJD-T: 67660fbe0184c07408

----------------
IN: 
0x000c2041:  
OBJD-T: 50e8dddf

----------------
IN: 
0x000c2045:  
OBJD-T: 6641ebef

----------------
IN: 
0x000c2049:  
OBJD-T: 6683c40c665b665e665dc20200

----------------
IN: 
0x000c25e9:  
OBJD-T: e94201

----------------
IN: 
0x000c377c:  
OBJD-T: 6683c414eb0e

----------------
IN: 
0x000c3790:  
OBJD-T: 8cc88ec02666891e447266b80a00000066bace010000ef

----------------
IN: 
0x000c37a7:  
OBJD-T: 66bacf010000ed

----------------
IN: 
0x000c37ae:  
OBJD-T: 66c1e01067668945ec2666a34c7266b84000000026a3407266b8010000002666
OBJD-T: a3487267668b45ec66c1e8146650665366684e58000050e897ec

----------------
IN: 
0x000c0d72:  
OBJD-T: 6683fa067429

----------------
IN: 
0x000c0d78:  
OBJD-T: 6683fa077411

----------------
IN: 
0x000c0d7e:  
OBJD-T: 6683fa05742f

----------------
IN: 
0x000c0d84:  
OBJD-T: 66c1e81c6689ca50e88dff

----------------
IN: 
0x000c0d8f:  
OBJD-T: 6689d866c1e8186683e00f6689f250e87bff

----------------
IN: 
0x000c0da1:  
OBJD-T: 6689d866c1e8146683e00f6689f250e869ff

----------------
IN: 
0x000c0db3:  
OBJD-T: 6689d866c1e8106683e00f6689f250e857ff

----------------
IN: 
0x000c2031:  
OBJD-T: 6689c36649ebe3

----------------
IN: 
0x000c201b:  
OBJD-T: 6689d86631d266f7f66683c2306788116683fb097607

----------------
IN: 
0x000c37e8:  
OBJD-T: 6683c40c66b80400000066bace010000ef

----------------
IN: 
0x000c37f9:  
OBJD-T: 66bacf010000ed

----------------
IN: 
0x000c3800:  
OBJD-T: 6689c366b80400000066bace010000ef

----------------
IN: 
0x000c3810:  
OBJD-T: 6689d86683c80266bacf010000ef

----------------
IN: 
0x000c381e:  
OBJD-T: 66b80100000066bace010000ef

----------------
IN: 
0x000c382b:  
OBJD-T: 66bacf010000ed

----------------
IN: 
0x000c3832:  
OBJD-T: 678945e266b80300000066bace010000ef

----------------
IN: 
0x000c3843:  
OBJD-T: 66bacf010000ed

----------------
IN: 
0x000c384a:  
OBJD-T: 678945e066b80400000066bace010000ef

----------------
IN: 
0x000c385b:  
OBJD-T: 6689d866bacf010000ef

----------------
IN: 
0x000c3865:  
OBJD-T: 2e66a1dc5a666bc00e6605e05a000067668945e466bbe05a000067663b5de40f
OBJD-T: 83a700

----------------
IN: 
0x000c3888:  
OBJD-T: 2e678b4304678945e82e678b73062e678a4308678845df6689da9c6683c2029d

----------------
IN: 
0x000c38a8:  
OBJD-T: 6689d067668955d850e88dd2

----------------
IN: 
0x000c0b41:  
OBJD-T: 6689c22e678a0884c97424

----------------
IN: 
0x000c0b4c:  
OBJD-T: 66b80100000080f903741f

----------------
IN: 
0x000c0b57:  
OBJD-T: 2e678a5206660fb6c280fa087611

----------------
IN: 
0x000c0b76:  
OBJD-T: c20200

----------------
IN: 
0x000c38b4:  
OBJD-T: 6689c167660fb745e8660fafc16683c00766c1f803660fb7f6660faff067668b
OBJD-T: 45d850e8f3cf

----------------
IN: 
0x000c08cd:  
OBJD-T: 2e678a1080fa01741e

----------------
IN: 
0x000c08d6:  
OBJD-T: 66b80400000080fa037427

----------------
IN: 
0x000c08e1:  
OBJD-T: 66b80200000084d2741d

----------------
IN: 
0x000c08eb:  
OBJD-T: 66b801000000c20200

----------------
IN: 
0x000c38da:  
OBJD-T: 67668b55e8673955e20f92c267660fb64ddf67394de00f92c108d1750b

----------------
IN: 
0x000c38f7:  
OBJD-T: 660faff067663975ec7326

----------------
IN: 
0x000c3928:  
OBJD-T: 6683c30ee950ff

----------------
IN: 
0x000c387f:  
OBJD-T: 67663b5de40f83a700

----------------
IN: 
0x000c0908:  
OBJD-T: c20200

----------------
IN: 
0x000c0b65:  
OBJD-T: 6683c0076683e0f8c20200

----------------
IN: 
0x000c3902:  
OBJD-T: 2e678b03660fb7c0665066687258000050e869eb

----------------
IN: 
0x000c0d70:  
OBJD-T: eb65

----------------
IN: 
0x000c3916:  
OBJD-T: 6659665e8cc88ec066b8ffffffff266789036683c30ee950ff

----------------
IN: 
0x000c392f:  
OBJD-T: 6766837df0007422

----------------
IN: 
0x000c3937:  
OBJD-T: 67668b45f06601f8678a008cca8ec2266788874071000066476681ff00010000
OBJD-T: ebdc

----------------
IN: 
0x000c393f:  
OBJD-T: 678a00

----------------
IN: 
0x000c3942:  
OBJD-T: 8cca8ec2266788874071000066476681ff00010000ebdc

----------------
IN: 
0x000c3935:  
OBJD-T: 7422

----------------
IN: 
0x000c3959:  
OBJD-T: 2e66a170986685c00f85d203

----------------
IN: 
0x000c3965:  
OBJD-T: 66b8400000008ec0268b1610006683e2cf6683ca2026891610008ec0b2512688
OBJD-T: 1689008ec0b2082688168a008ec06631d226881665008ec026881666008cc966
OBJD-T: c1e11066bac0660000660fb7d26609ca8ec026668916a8008cca6689d166c1e1
OBJD-T: 1066b8805f0000660fb7c06609c88ec22666a3c0666766c745ec5c5f000066bb
OBJD-T: 805f000067668b45ec2e678a10660fb6d26685d20f848601

----------------
IN: 
0x000c3b83:  
OBJD-T: 6766ff45ec6683c34066b8c06600006639d80f8550fe

----------------
IN: 
0x000c39e9:  
OBJD-T: 67668b45ec2e678a10660fb6d26685d20f848601

----------------
IN: 
0x000c39fd:  
OBJD-T: 6631c02e678b88e0660000660fb7c96639ca7562

----------------
IN: 
0x000c3a73:  
OBJD-T: 6683c02c663dc00200007581

----------------
IN: 
0x000c3a00:  
OBJD-T: 2e678b88e0660000660fb7c96639ca7562

----------------
IN: 
0x000c3a11:  
OBJD-T: 6689c79c6681c7e26600009d

----------------
IN: 
0x000c3a1d:  
OBJD-T: 6766897df02e678bb0e4660000660fb7fe6766897de82e678bb8e66600006789
OBJD-T: 7de4660fb7ff2e678a88e26600002e678a90ea660000678855e284c97527

----------------
IN: 
0x000c3a82:  
OBJD-T: 2e678a90e96600008cc88ec0660fb6f267668b45e8669966f7fe266788036766
OBJD-T: 0fb675e26689f8669966f7fe66482667884301678c4de4678e45e4678a45e226
OBJD-T: 67884302660fb6c16689f967668b55e850e859c5

----------------
IN: 
0x000c002f:  
OBJD-T: 84c0742b

----------------
IN: 
0x000c0033:  
OBJD-T: fec866b8004000007438

----------------
IN: 
0x000c0075:  
OBJD-T: c20200

----------------
IN: 
0x000c3ad6:  
OBJD-T: 266789430367668b45f02e67668b70166689df9c6683c7059d

----------------
IN: 
0x000c3aef:  
OBJD-T: 66b90400000067668b55e48cd88edaf3a4

----------------
IN: 
0x000c3b00:  
OBJD-T: 8ed867668b45f02e678a401a8cca8ec2266788430967668b45f02e67668b701e
OBJD-T: 6689df9c6683c70a9d

----------------
IN: 
0x000c3b29:  
OBJD-T: 66b9190000008cd88edaf3a4

----------------
IN: 
0x000c3b35:  
OBJD-T: 8ed867668b45f02e67668b70228cca8ec26689df9c6683c7239d

----------------
IN: 
0x000c3b4f:  
OBJD-T: 66b9140000008cd88edaf3a4

----------------
IN: 
0x000c3b5b:  
OBJD-T: 8ed867668b45f02e67668b70268cca8ec26689df9c6683c7379d

----------------
IN: 
0x000c3b75:  
OBJD-T: 66b9090000008cd88edaf3a4

----------------
IN: 
0x000c3b81:  
OBJD-T: 8ed86766ff45ec6683c34066b8c06600006639d80f8550fe

----------------
IN: 
0x000c3a5b:  
OBJD-T: 8cc88ec06689f026678803678a55e4664a2667885301eb42

----------------
IN: 
0x000c3ab5:  
OBJD-T: 678c4de4678e45e4678a45e22667884302660fb6c16689f967668b55e850e859
OBJD-T: c5

----------------
IN: 
0x000c005e:  
OBJD-T: 0fafca6689c89c66d1e06605ff0700009d

----------------
IN: 
0x000c006f:  
OBJD-T: 2500f8c20200

----------------
IN: 
0x000c003d:  
OBJD-T: 660fb7d2660fb7c9660fafd166c1fa036689d09c6605ff1f00009d

----------------
IN: 
0x000c0058:  
OBJD-T: 2500e0c20200

----------------
IN: 
0x000c3b99:  
OBJD-T: 66b8e06600006631d22e678b0883f913770c

----------------
IN: 
0x000c3bab:  
OBJD-T: 66bf0100000066d3e76609fa6683c02c663da069000075df

----------------
IN: 
0x000c3ba2:  
OBJD-T: 2e678b0883f913770c

----------------
IN: 
0x000c3bb7:  
OBJD-T: 6683c02c663da069000075df

----------------
IN: 
0x000c3bc3:  
OBJD-T: 8cc88ec02666891660986689c266c1e21066b807560000660fb7c06609d06631
OBJD-T: d28ec22666a340006631c066be00f0ffff8ec62667668b106681fa24504d4d0f
OBJD-T: 85e200

----------------
IN: 
0x000c3ce8:  
OBJD-T: 6683c010663d000001000f85fefe

----------------
IN: 
0x000c3bf4:  
OBJD-T: 8ec62667668b106681fa24504d4d0f85e200

----------------
IN: 
0x000c3c06:  
OBJD-T: 26678a5805660fb6fb6766897df06631c96631d267663b55f0730c

----------------
IN: 
0x000c3c21:  
OBJD-T: 26678a1c106601d96642ebed

----------------
IN: 
0x000c3c1a:  
OBJD-T: 67663b55f0730c

----------------
IN: 
0x000c3c2d:  
OBJD-T: 84c90f85b500

----------------
IN: 
0x000c3c33:  
OBJD-T: 66ba00f0ffff8ec22667668b5807660fb7c366506689d866c1e8106650666884
OBJD-T: 58000066680002000066688b58000050e819e8

----------------
IN: 
0x000c25d3:  
OBJD-T: 67668b0384c97506

----------------
IN: 
0x000c25db:  
OBJD-T: 6683c304eb04

----------------
IN: 
0x000c3c66:  
OBJD-T: 6683c4146689d966bb2000000066be09000000665156666aff66536a0067ff5c
OBJD-T: 240c

----------------
IN: 
0x000fd0c0:  
OBJD-T: 6654660fb7e4669cfafc6650665166526653665566566657061e668cd18ed966
OBJD-T: c1e10466b866eeff0667668d540c2c66b9ffffffff66e8f2abffff

----------------
IN: 
0x000f7ced:  
OBJD-T: 66556657665666536689c76689d32e66a1b4616685c07452

----------------
IN: 
0x000f7d05:  
OBJD-T: 66b80200000066e862eeffff

----------------
IN: 
0x000f6bd7:  
OBJD-T: 8cd066b980da00008ec126a3a0f9e470

----------------
IN: 
0x000f7d11:  
OBJD-T: 6689de6689e5668cd066c1e0046601c466b8b500000066b93412000066bb387d
OBJD-T: 0f00e6b2

----------------
IN: 
0x000a8000:  
OBJD-T: 8cc8ea66d000f0

----------------
IN: 
0x000f0c27:  
OBJD-T: 3cb50f85a3010000

----------------
IN: 
0x000f0c2f:  
OBJD-T: 81fa000002000f85b5000000

----------------
IN: 
0x000f0c3b:  
OBJD-T: 8d7c24088db3d0ff0000b908000000f3a5

----------------
IN: 
0x000f0c4c:  
OBJD-T: 8b83dcff00008904248b83d4ff00003d341200007541

----------------
IN: 
0x000f0c62:  
OBJD-T: 8dbb00020000b9800000008db300fe0000f3a5

----------------
IN: 
0x000f0c75:  
OBJD-T: b9800000008dbb00fe000089def3a5

----------------
IN: 
0x000f0c84:  
OBJD-T: b9080000008dbbd0ff00008d742408f3a5

----------------
IN: 
0x000f0c95:  
OBJD-T: 8b04248983f0ff0000e9ce000000

----------------
IN: 
0x000f0d71:  
OBJD-T: b801000000e84594ffff

----------------
IN: 
0x000ea1c0:  
OBJD-T: 89c1e492

----------------
IN: 
0x000ea1c4:  
OBJD-T: 88c2d0ea83e20183e10138ca7405

----------------
IN: 
0x000ea1d7:  
OBJD-T: 88d0c3

----------------
IN: 
0x000f0d7b:  
OBJD-T: 0fb6c0898300040000eb4c

----------------
IN: 
0x000f7d38:  
OBJD-T: 89f0ffd7

----------------
IN: 
0x06ffee66:  
OBJD-T: 5557565383ec0889c30fb70089c650685e420f00e83ae00ef9

----------------
IN: 
0x06ffee7f:  
OBJD-T: 5d586683fe010f8455010000

----------------
IN: 
0x06ffee8b:  
OBJD-T: 6683fe020f8480010000

----------------
IN: 
0x06ffee95:  
OBJD-T: 6685f60f8588010000

----------------
IN: 
0x06ffee9e:  
OBJD-T: 8b7302668b530a89d06683e00866890424750c

----------------
IN: 
0x06ffeebd:  
OBJD-T: bf84feff06b888feff0685f67545

----------------
IN: 
0x06ffef10:  
OBJD-T: c1e60485f67ec7

----------------
IN: 
0x06ffef17:  
OBJD-T: 8b6b06b910000000f6c2047416

----------------
IN: 
0x06ffef3a:  
OBJD-T: 83e2036683fa02740e

----------------
IN: 
0x06ffef43:  
OBJD-T: 6683fa037452

----------------
IN: 
0x06ffef49:  
OBJD-T: 664a89f27463

----------------
IN: 
0x06ffefb2:  
OBJD-T: e80ef9feff

----------------
IN: 
0x06ffefb7:  
OBJD-T: 89c385c00f841dffffff

----------------
IN: 
0x06ffefc1:  
OBJD-T: 83fdff7465

----------------
IN: 
0x06fff02b:  
OBJD-T: 89d883c4085b5e5f5dc3

----------------
IN: 
0x000f7d3c:  
OBJD-T: 89c6b8b5000000b978560000bb527d0000e6b2

----------------
IN: 
0x000f0ca3:  
OBJD-T: 3d785600000f8524010000

----------------
IN: 
0x000f0cae:  
OBJD-T: 8db300020000b9800000008dbb00fe0000f3a5

----------------
IN: 
0x000f0cc1:  
OBJD-T: b9080000008dbbd0ff00008d742408f3a5

----------------
IN: 
0x000f0cd2:  
OBJD-T: 83bb00040000007507

----------------
IN: 
0x000f0ce2:  
OBJD-T: 8b04248983f0ff0000e9e2000000

----------------
IN: 
0x000f7d52:  
OBJD-T: 6689eceb47

----------------
IN: 
0x000f7d9e:  
OBJD-T: 66e84cf2ffff

----------------
IN: 
0x000f7da4:  
OBJD-T: 6689f0665b665e665f665d66c3

----------------
IN: 
0x000fd0fb:  
OBJD-T: 678944241c66c1e81067894424141f07665f665e665d665b665a66596658669d

----------------
IN: 
0x000fd11b:  
OBJD-T: 665ccb

----------------
IN: 
0x000c3c88:  
OBJD-T: 6683c410fafc66c1e210660fb7c06689d36609c36689d89c6683c0ff9d

----------------
IN: 
0x000c3ca5:  
OBJD-T: 6683f8fd774b

----------------
IN: 
0x000c3cab:  
OBJD-T: 66536668c958000050e8c8e7

----------------
IN: 
0x000c3cb7:  
OBJD-T: 6658665a8cc88ec066c1eb0426891e78986689c266c1e21066b83f560000660f
OBJD-T: b7c06609d06631d28ec22666a34000eb0e

----------------
IN: 
0x000c3cf6:  
OBJD-T: 8cc88ec066b8010000002666a370986631c026a206002e8a160200660fb6d266
OBJD-T: c1e2096631c96639d1730b

----------------
IN: 
0x000c3d21:  
OBJD-T: 26678a196601d86641ebf0

----------------
IN: 
0x000c3d1c:  
OBJD-T: 6639d1730b

----------------
IN: 
0x000c3d2c:  
OBJD-T: 8cca8ec266f7d826a206008d66f4665b665e665f665dc20200

----------------
IN: 
0x000c55f3:  
OBJD-T: 6689dc1f07665f665e665d665b665a66596658cb

----------------
IN: 
0x000eefab:  
OBJD-T: e848dbffff

----------------
IN: 
0x000ecaf8:  
OBJD-T: e8e8d6ffff

----------------
IN: 
0x000ecafd:  
OBJD-T: 85c07505

----------------
IN: 
0x000ecb01:  
OBJD-T: e9c5ffffff

----------------
IN: 
0x000eefb0:  
OBJD-T: 83c4345b5e5fc3

----------------
IN: 
0x06ff5571:  
OBJD-T: 0fb65b02c1e30989d8e8136effff

----------------
IN: 
0x06ff557f:  
OBJD-T: 85c07516

----------------
IN: 
0x06ff5599:  
OBJD-T: a160feff068d8403ff0700002500f8ffffa360feff0683c4245b5e5f5dc3

----------------
IN: 
0x06ff56c5:  
OBJD-T: 0fb7d781ca000000f03b15640000000f95c28b4c240c394c24080f94c121ca8b
OBJD-T: 042409e80f94c184ca7430

----------------
IN: 
0x06ff5720:  
OBJD-T: 83c4245b5e5f5dc3

----------------
IN: 
0x06ffbd77:  
OBJD-T: eb65

----------------
IN: 
0x06ffbdde:  
OBJD-T: 31c9ba01000000b8f8370f00e8c897ffff

----------------
IN: 
0x06ff55b7:  
OBJD-T: 5557565389c589d789ce31db89da89e8e8506effff

----------------
IN: 
0x06fec41c:  
OBJD-T: 57565389c689d1e858df0ff9

----------------
IN: 
0x06fec428:  
OBJD-T: 89c78b1d5cfeff0685c97416

----------------
IN: 
0x06fec44a:  
OBJD-T: 85db75ea

----------------
IN: 
0x06fec438:  
OBJD-T: 8d530489f989f0e849df0ff9

----------------
IN: 
0x06fec444:  
OBJD-T: 85c07406

----------------
IN: 
0x06fec448:  
OBJD-T: 8b1b85db75ea

----------------
IN: 
0x06fec44e:  
OBJD-T: 89d85b5e5fc3

----------------
IN: 
0x06ff55cc:  
OBJD-T: 89c385c0742a

----------------
IN: 
0x06ff55fc:  
OBJD-T: 5b5e5f5dc3

----------------
IN: 
0x06ffbdef:  
OBJD-T: 31c0e89c05ffff

----------------
IN: 
0x06ffbdf6:  
OBJD-T: 813d60feff0600000c00740a

----------------
IN: 
0x06ffbe02:  
OBJD-T: c705844d0f0000000c0031d231c9b8ef1f0f00e80523ffff

----------------
IN: 
0x06ffbe1a:  
OBJD-T: 89c36685c00f849c000000

----------------
IN: 
0x06ffbec1:  
OBJD-T: e88767ffff

----------------
IN: 
0x06ff264d:  
OBJD-T: 5557565383ec6868501d0f00e85ba80ff9

----------------
IN: 
0x06ff265e:  
OBJD-T: b92600000031d28d442446e842900ff9

----------------
IN: 
0x06ff266e:  
OBJD-T: 66c74424620300e8b6bdffff

----------------
IN: 
0x06fee430:  
OBJD-T: 89c166c740240002e8f0d90ff9

----------------
IN: 
0x06fee43d:  
OBJD-T: ba54d00f000fb7d289c8e8c4e90ff9

----------------
IN: 
0x000ece10:  
OBJD-T: 6689502066c7402200f00fb715a0a10e0089d1c1e10429c8b951810f00e9f7fb
OBJD-T: ffff

----------------
IN: 
0x000fd054:  
OBJD-T: cd10

----------------
IN: 
0x000c563f:  
OBJD-T: fafc1e6650b840008ed8f606b900400f849700

----------------
IN: 
0x000c56e9:  
OBJD-T: 66581fe918ff

----------------
IN: 
0x000c5607:  
OBJD-T: fafc6650665166526653665566566657061e8cd08ed86689e3660fb7e46689e0
OBJD-T: 50e85af2

----------------
IN: 
0x000c4885:  
OBJD-T: 66556689e56657665666536683ec086689c3678a401d3c0c0f843803

----------------
IN: 
0x000c48a1:  
OBJD-T: 0f878100

----------------
IN: 
0x000c48a5:  
OBJD-T: 3c060f841102

----------------
IN: 
0x000c48ab:  
OBJD-T: 774b

----------------
IN: 
0x000c48ad:  
OBJD-T: 3c030f846701

----------------
IN: 
0x000c48b3:  
OBJD-T: 770f

----------------
IN: 
0x000c48b5:  
OBJD-T: 3c010f843c01

----------------
IN: 
0x000c48bb:  
OBJD-T: 3c020f85d300

----------------
IN: 
0x000c4994:  
OBJD-T: 678a431c6689c66683e67f6689c16683e17f66ba400000008ec2268a16890066
OBJD-T: 83e20a6683ca0184c07903

----------------
IN: 
0x000c49c2:  
OBJD-T: 66bf20000000a8787513

----------------
IN: 
0x000c49cc:  
OBJD-T: 66bf3f0000006689f03c067406

----------------
IN: 
0x000c49d9:  
OBJD-T: 66bf300000006689f86788431c6689c88d66f4665b665e665f665de9d5e6

----------------
IN: 
0x000c30cc:  
OBJD-T: 66556689e56657665666536683ec1467668945ec67668955f066506668a75700
OBJD-T: 0050e88ef3

----------------
IN: 
0x000c30f1:  
OBJD-T: 665a665967668b45ec50e841f9

----------------
IN: 
0x000c2a3f:  
OBJD-T: 66556689e566536689c12e668b16dc5a2e66a1d85a6685c0742f

----------------
IN: 
0x000c2a59:  
OBJD-T: 666bd20e6681c2e05a000066b8e05a00006639d07319

----------------
IN: 
0x000c2a6f:  
OBJD-T: 2e678b18660fb7db6639d97506

----------------
IN: 
0x000c2a82:  
OBJD-T: 6683c00eebe2

----------------
IN: 
0x000c2a6a:  
OBJD-T: 6639d07319

----------------
IN: 
0x000c2a88:  
OBJD-T: 6631c02e678b90e0660000660fb7d26639d17508

----------------
IN: 
0x000c2aa4:  
OBJD-T: 6683c02c663dc002000075db

----------------
IN: 
0x000c2a8b:  
OBJD-T: 2e678b90e0660000660fb7d26639d17508

----------------
IN: 
0x000c2a9c:  
OBJD-T: 6605e2660000eb0f

----------------
IN: 
0x000c2ab3:  
OBJD-T: 665b665dc20200

----------------
IN: 
0x000c30fe:  
OBJD-T: 6685c00f846104

----------------
IN: 
0x000c3105:  
OBJD-T: 6689c32e66a1d85a6685c07417

----------------
IN: 
0x000c3112:  
OBJD-T: 66b80400000066bace010000ef

----------------
IN: 
0x000c311f:  
OBJD-T: 6631c066bacf010000ef

----------------
IN: 
0x000c3129:  
OBJD-T: 2e66a1dc5a6681fbe25a00007222

----------------
IN: 
0x000c3137:  
OBJD-T: 666bc00e6605d45a00006639d87213

----------------
IN: 
0x000c3159:  
OBJD-T: 67668b55f06689d850e8b3f6

----------------
IN: 
0x000c2818:  
OBJD-T: 66556689e5665766566653665167668955f0663d76690000774b

----------------
IN: 
0x000c2832:  
OBJD-T: 6689c3663de26600007240

----------------
IN: 
0x000c283d:  
OBJD-T: 80e2080f859300

----------------
IN: 
0x000c2844:  
OBJD-T: b0ff66bac6030000ee

----------------
IN: 
0x000c284d:  
OBJD-T: 2e67668b7b0e2e678b431266b9030000006631d2f7f1660fb7f08cc8660fb7c0
OBJD-T: 66566631c96689fa50e8e3fa

----------------
IN: 
0x000c235c:  
OBJD-T: 66556689e566576656665366536689c76689d36689c867668b4d086601c86788
OBJD-T: 45f06685c97447

----------------
IN: 
0x000c2383:  
OBJD-T: 8ec726678a03678845f326678a4301678845f226678a4302678845f16683c303
OBJD-T: 678a45f06629c866bac8030000ee

----------------
IN: 
0x000c23b1:  
OBJD-T: 66bac9030000678a45f3ee

----------------
IN: 
0x000c23bc:  
OBJD-T: 678a45f2ee

----------------
IN: 
0x000c23c1:  
OBJD-T: 678a45f1ee

----------------
IN: 
0x000c23c6:  
OBJD-T: 6649ebb4

----------------
IN: 
0x000c237e:  
OBJD-T: 6685c97447

----------------
IN: 
0x000c23ca:  
OBJD-T: 6658665b665e665f665dc20200

----------------
IN: 
0x000c2879:  
OBJD-T: 6658eb23

----------------
IN: 
0x000c28a0:  
OBJD-T: 6681feff0000007f1a

----------------
IN: 
0x000c28a9:  
OBJD-T: 6689f066bac8030000ee

----------------
IN: 
0x000c28b3:  
OBJD-T: 66bac90300006631c0ee

----------------
IN: 
0x000c28bd:  
OBJD-T: ee

----------------
IN: 
0x000c28be:  
OBJD-T: ee

----------------
IN: 
0x000c28bf:  
OBJD-T: 6646ebdd

----------------
IN: 
0x000c28c3:  
OBJD-T: 67f645f002740d

----------------
IN: 
0x000c28d7:  
OBJD-T: 2e67668b7b226631f62e678a1437660fb6d26689f050e822e1

----------------
IN: 
0x000c0a12:  
OBJD-T: 66556689e56656665388c388d166bada030000ec

----------------
IN: 
0x000c0a26:  
OBJD-T: 66bac0030000ec

----------------
IN: 
0x000c0a2d:  
OBJD-T: 6689c688d8ee

----------------
IN: 
0x000c0a33:  
OBJD-T: 88c8ee

----------------
IN: 
0x000c0a36:  
OBJD-T: 6689f0ee

----------------
IN: 
0x000c0a3a:  
OBJD-T: 665b665e665dc20200

----------------
IN: 
0x000c28f0:  
OBJD-T: 66466683fe1475e8

----------------
IN: 
0x000c28e0:  
OBJD-T: 2e678a1437660fb6d26689f050e822e1

----------------
IN: 
0x000c28f8:  
OBJD-T: 6631d266b81400000050e80de1

----------------
IN: 
0x000c2905:  
OBJD-T: 66b80003000066bac4030000ef

----------------
IN: 
0x000c2912:  
OBJD-T: 2e67668b731666b9010000002e678a440eff66c1e0086609c8ef

----------------
IN: 
0x000c292c:  
OBJD-T: 66416683f90575ea

----------------
IN: 
0x000c291e:  
OBJD-T: 2e678a440eff66c1e0086609c8ef

----------------
IN: 
0x000c2934:  
OBJD-T: 2e67668b73266631c966bace0300002e678a040e66c1e0086609c8ef

----------------
IN: 
0x000c2950:  
OBJD-T: 66416683f90975eb

----------------
IN: 
0x000c2943:  
OBJD-T: 2e678a040e66c1e0086609c8ef

----------------
IN: 
0x000c2958:  
OBJD-T: 2e678a431a6689c666bab4030000a8017406

----------------
IN: 
0x000c296a:  
OBJD-T: 66bad403000066b811000000ef

----------------
IN: 
0x000c2977:  
OBJD-T: 2e67668b7b1e6631c92e678a040f66c1e0086609c8ef

----------------
IN: 
0x000c298d:  
OBJD-T: 66416683f91975eb

----------------
IN: 
0x000c2980:  
OBJD-T: 2e678a040f66c1e0086609c8ef

----------------
IN: 
0x000c2995:  
OBJD-T: 66bac20300006689f0ee

----------------
IN: 
0x000c299f:  
OBJD-T: 66bada030000ec

----------------
IN: 
0x000c29a6:  
OBJD-T: b02066bac0030000ee

----------------
IN: 
0x000c29af:  
OBJD-T: 67668b7df06681e7008000007542

----------------
IN: 
0x000c29bd:  
OBJD-T: 2e678a0384c07413

----------------
IN: 
0x000c29d8:  
OBJD-T: 2e678b430a8ec066b90040000066b820070000eb10

----------------
IN: 
0x000c29fd:  
OBJD-T: f3ab

----------------
IN: 
0x000c29ff:  
OBJD-T: 2e678a0384c07405

----------------
IN: 
0x000c2a0c:  
OBJD-T: 8cc8660fb7c0666a10666a00666a0066b90001000066ba6072000050e84add

----------------
IN: 
0x000c0775:  
OBJD-T: 66556689e56657665666536683ec106689d36766894de467668b4d0c678945f0
OBJD-T: 66bac403000066b800010000ef

----------------
IN: 
0x000c07a2:  
OBJD-T: 66b802040000ef

----------------
IN: 
0x000c07a9:  
OBJD-T: 66b804070000ef

----------------
IN: 
0x000c07b0:  
OBJD-T: 66b800030000ef

----------------
IN: 
0x000c07b7:  
OBJD-T: 66bace03000066b804020000ef

----------------
IN: 
0x000c07c4:  
OBJD-T: 66b805000000ef

----------------
IN: 
0x000c07cb:  
OBJD-T: 66b806040000ef

----------------
IN: 
0x000c07d2:  
OBJD-T: 67660fb6451067668945ec6689c866c1e00b25002066c1e10e6601c1660fb7c9
OBJD-T: 67660fb7450866c1e0056601c867668945e867c745f2000067668b7de467397d
OBJD-T: f27433

----------------
IN: 
0x000c0815:  
OBJD-T: 66be00a0ffff8ec667668b4dec6689de67668b7de867668b45f08cda8ed8f3a4

----------------
IN: 
0x000c0835:  
OBJD-T: 8eda67ff45f26766035dec67668345e820ebc2

----------------
IN: 
0x000c080a:  
OBJD-T: 67668b7de467397df27433

----------------
IN: 
0x000c0848:  
OBJD-T: 66bac403000066b800010000ef

----------------
IN: 
0x000c0855:  
OBJD-T: 66b802030000ef

----------------
IN: 
0x000c085c:  
OBJD-T: 66b804030000ef

----------------
IN: 
0x000c0863:  
OBJD-T: 66b800030000ef

----------------
IN: 
0x000c086a:  
OBJD-T: 66bacc030000ec

----------------
IN: 
0x000c0871:  
OBJD-T: 66ba0a000000a8017406

----------------
IN: 
0x000c087b:  
OBJD-T: 66ba0e0000006689d066c1e0086683c80666bace030000ef

----------------
IN: 
0x000c0893:  
OBJD-T: 66b804000000ef

----------------
IN: 
0x000c089a:  
OBJD-T: 66b805100000ef

----------------
IN: 
0x000c08a1:  
OBJD-T: 6683c410665b665e665f665dc20200

----------------
IN: 
0x000c2a2b:  
OBJD-T: 6683c40cebd6

----------------
IN: 
0x000c2a07:  
OBJD-T: 6631c0eb25

----------------
IN: 
0x000c2a31:  
OBJD-T: 8d66f4665b665e665f665dc20200

----------------
IN: 
0x000c3165:  
OBJD-T: 6685c075e6

----------------
IN: 
0x000c316a:  
OBJD-T: e91502

----------------
IN: 
0x000c3382:  
OBJD-T: 2e678b7b02660fb7c767668945e02e678b7304660fb7c667668945e42e678a03
OBJD-T: 678845ea2e678a4308678845eb66b8400000006766817decff0000007f08

----------------
IN: 
0x000c33c0:  
OBJD-T: 8ec0678a45eceb04

----------------
IN: 
0x000c33cc:  
OBJD-T: 26a2490066b9400000008ec167668b45f02500fe67660b45ec26a3ba008ec126
OBJD-T: 891ebc008ec1268a16b900678a45f066c1e0066683e0406683e2bf6609d026a2
OBJD-T: b90067807dea007520

----------------
IN: 
0x000c3415:  
OBJD-T: 8ec126893e4a008ec16689f09c6683c0ff9d

----------------
IN: 
0x000c3427:  
OBJD-T: 26a284008ec166b807060000eb36

----------------
IN: 
0x000c346b:  
OBJD-T: 26a3600067660fb645ea67668b4de467668b55e050e8accb

----------------
IN: 
0x000c3483:  
OBJD-T: 66b9400000008ec126a34c0050e81dd4

----------------
IN: 
0x000c08b0:  
OBJD-T: 66bacc030000ec

----------------
IN: 
0x000c08b7:  
OBJD-T: 66bad4030000a8017506

----------------
IN: 
0x000c08c7:  
OBJD-T: 6689d0c20200

----------------
IN: 
0x000c3493:  
OBJD-T: 8ec126a363008ec167660fb645eb26a385008ec167668b45f066c1f8086683e0
OBJD-T: 806683c86026a287008ec1b0f926a288008ec126a089006683e07f26a2890066
OBJD-T: 31d26631c08ec126678944125066426683fa0875f0

----------------
IN: 
0x000c34d8:  
OBJD-T: 8ec126678944125066426683fa0875f0

----------------
IN: 
0x000c34e8:  
OBJD-T: 8ec126a34e008ec16631d226881662008cc966c1e11066ba60940000660fb7d2
OBJD-T: 6609ca8ec0266689167c0067807deb0e7421

----------------
IN: 
0x000c351a:  
OBJD-T: 67807deb107428

----------------
IN: 
0x000c3549:  
OBJD-T: 8cc966c1e11066ba60720000660fb7d26609ca8ec0266689160c01ebc2

----------------
IN: 
0x000c3528:  
OBJD-T: 6631c0eb3f

----------------
IN: 
0x000c356c:  
OBJD-T: 8d66f4665b665e665f665dc20200

----------------
IN: 
0x000c562b:  
OBJD-T: 6689dc1f07665f665e665d665b665a66596658cf

----------------
IN: 
0x000fd056:  
OBJD-T: cb

----------------
IN: 
0x06fee44c:  
OBJD-T: e9a7e60ff9

----------------
IN: 
0x06ff267a:  
OBJD-T: 68704a0f0068130f0f00e808c80ff9

----------------
IN: 
0x000eee91:  
OBJD-T: 8d4c24088b542404b8044a0f00e8ced7ffff

----------------
IN: 
0x000ece86:  
OBJD-T: 5389d3833d884d0f0000740f

----------------
IN: 
0x000ece92:  
OBJD-T: 88d0668b1574600f006685d27401

----------------
IN: 
0x000ecea1:  
OBJD-T: 80fb0a750a

----------------
IN: 
0x000eceb0:  
OBJD-T: 0fbec35be979ffffff

----------------
IN: 
0x000ece32:  
OBJD-T: ba65f00f000fb7d281ca000000f0391540000000743d

----------------
IN: 
0x000ece48:  
OBJD-T: 5383ec2889c3b92600000031d28d442402e852e8ffff

----------------
IN: 
0x000ece5e:  
OBJD-T: 66c74424260002c644241f0e885c241ec644241207ba54d00f000fb7d2e890ff
OBJD-T: ffff

----------------
IN: 
0x000c5652:  
OBJD-T: 2e8e1e789866b8d001000067668f401c678f0067668978046766897008676689
OBJD-T: 680c676689581067668950146766894818678c40026766896028678c502c6766
OBJD-T: 8f4020678f40248cda8ed2

----------------
IN: 
0x000c569d:  
OBJD-T: 6689c4

----------------
IN: 
0x000c56a0:  
OBJD-T: 50e8e1f1

----------------
IN: 
0x000c4926:  
OBJD-T: 3c120f84ee08

----------------
IN: 
0x000c492c:  
OBJD-T: 7732

----------------
IN: 
0x000c492e:  
OBJD-T: 3c0f0f84db02

----------------
IN: 
0x000c4934:  
OBJD-T: 771d

----------------
IN: 
0x000c4936:  
OBJD-T: 3c0d0f85bd02

----------------
IN: 
0x000c4bf9:  
OBJD-T: 678a531c678a43108d66f4665b665e665f665de90cd6

----------------
IN: 
0x000c221b:  
OBJD-T: 66556689e56653665188c188d366b8400000008ec026a06200660fb6c050e83d
OBJD-T: e9

----------------
IN: 
0x000c0b79:  
OBJD-T: 3c077606

----------------
IN: 
0x000c0b83:  
OBJD-T: 66ba400000008ec2660fb6c026678b54005066c1e010660fb7d26609d0c20200

----------------
IN: 
0x000c223c:  
OBJD-T: 67668945f86689e89c6683c0f89d

----------------
IN: 
0x000c224a:  
OBJD-T: 666a0088da50e80eff

----------------
IN: 
0x000c2161:  
OBJD-T: 66556689e56657665666536689c380fa0a7427

----------------
IN: 
0x000c2174:  
OBJD-T: 770c

----------------
IN: 
0x000c2182:  
OBJD-T: 80fa0d751a

----------------
IN: 
0x000c21a1:  
OBJD-T: 678a450866506689d850e8a3f8

----------------
IN: 
0x000c1a51:  
OBJD-T: 66556689e566576656665366536689c36689d667884df0678a00678845f3678a
OBJD-T: 5301678a4b0266b8400000008ec0268b3ebc0085ff7462

----------------
IN: 
0x000c1a88:  
OBJD-T: 660fb7ff2e678a0784c0741b

----------------
IN: 
0x000c1aaf:  
OBJD-T: 678a45f350e8acf4

----------------
IN: 
0x000c0f63:  
OBJD-T: 66556689e5665766566653660fb6da66ba400000008ec2268b164a00660fb6f1
OBJD-T: 268b0e4c00660fb7c9660fafce660fb6c06601c06601c1660fb7d2660fafd366
OBJD-T: 01d26689d09c6601c89d

----------------
IN: 
0x000c0fad:  
OBJD-T: 665b665e665f665dc20200

----------------
IN: 
0x000c1ab7:  
OBJD-T: 6689c22e678b470a67807d0800741b

----------------
IN: 
0x000c1ae1:  
OBJD-T: 8ec06689f026678802678a03664067880366ba400000008ec2268b164a00660f
OBJD-T: b6c039d07508

----------------
IN: 
0x000c1ae6:  
OBJD-T: 26678802

----------------
IN: 
0x000c1aea:  
OBJD-T: 678a03664067880366ba400000008ec2268b164a00660fb6c039d07508

----------------
IN: 
0x000c1b0f:  
OBJD-T: 8d66f4665b665e665f665dc20200

----------------
IN: 
0x000c21ae:  
OBJD-T: 665866ba400000008ec226a084006689c6678a43016689f138c17343

----------------
IN: 
0x000c220d:  
OBJD-T: 8d66f4665b665e665f665dc20200

----------------
IN: 
0x000c2253:  
OBJD-T: 665b678a4dfa678a55f9678a45f850e853ed

----------------
IN: 
0x000c0fb8:  
OBJD-T: 80f907777e

----------------
IN: 
0x000c0fbd:  
OBJD-T: 66556689e5665766566653660fb6d96689d66689c766b8400000008ec026a062
OBJD-T: 0038d87532

----------------
IN: 
0x000c0fe2:  
OBJD-T: 88d96689f850e878ff

----------------
IN: 
0x000c0feb:  
OBJD-T: 6689c150e8bef8

----------------
IN: 
0x000c0ff2:  
OBJD-T: 6689c26689c866c1f80966c1e008

----------------
IN: 
0x000c1000:  
OBJD-T: 6683c80eef

----------------
IN: 
0x000c1005:  
OBJD-T: 6689c866d1f866c1e0086683c80fef

----------------
IN: 
0x000c1014:  
OBJD-T: 66b8400000008ec066c1e6086689f8660fb6f86609fe266789741b50665b665e
OBJD-T: 665f665dc20200

----------------
IN: 
0x000c2265:  
OBJD-T: 67668b5dfc6689ec665dc20200

----------------
IN: 
0x000c56a4:  
OBJD-T: 6689e0678e502c

----------------
IN: 
0x000c56ab:  
OBJD-T: 67668b6028

----------------
IN: 
0x000c56b0:  
OBJD-T: 665a5a67ff70246766ff702067668b780467668b700867668b680c67668b5810
OBJD-T: 67668b501467668b4818678e40026766ff701c678e186658cf

----------------
IN: 
0x000ece80:  
OBJD-T: 83c4285bc3

----------------
IN: 
0x000ecea6:  
OBJD-T: b80d000000e882ffffff

----------------
IN: 
0x000c2187:  
OBJD-T: 67c60000eb23

----------------
IN: 
0x000c21b0:  
OBJD-T: 66ba400000008ec226a084006689c6678a43016689f138c17343

----------------
IN: 
0x000c219b:  
OBJD-T: 67fe4001eb0f

----------------
IN: 
0x000eeea3:  
OBJD-T: c3

----------------
IN: 
0x06ff2689:  
OBJD-T: 31c0894424388d442438e858a0ffff

----------------
IN: 
0x06fec6f0:  
OBJD-T: 89c18b152cffff0685d2740f

----------------
IN: 
0x06fec70b:  
OBJD-T: a130ffff0685c07409

----------------
IN: 
0x06fec714:  
OBJD-T: 0fb7501689118b4018c3

----------------
IN: 
0x06ff2698:  
OBJD-T: 89c78b74243831c989f2e8e89fffff

----------------
IN: 
0x06ff26a7:  
OBJD-T: 89c383c40c85db0f8469010000

----------------
IN: 
0x06ff26b4:  
OBJD-T: 803b010f854e010000

----------------
IN: 
0x06ff280b:  
OBJD-T: 89d989f289f8e8799effff

----------------
IN: 
0x06ff2816:  
OBJD-T: 89c3e98ffeffff

----------------
IN: 
0x06ff26ac:  
OBJD-T: 85db0f8469010000

----------------
IN: 
0x06ff26bd:  
OBJD-T: 807b01170f8644010000

----------------
IN: 
0x06ff26c7:  
OBJD-T: 8d7c2432b90400000031c0f3ab

----------------
IN: 
0x06ff26d4:  
OBJD-T: 8d5424328d4308b910000000e8a87c0ff9

----------------
IN: 
0x06ff26e5:  
OBJD-T: 85c00f8430010000

----------------
IN: 
0x06ff281d:  
OBJD-T: 83c4685b5e5f5dc3

----------------
IN: 
0x06ffbec6:  
OBJD-T: e81ae30ef9

----------------
IN: 
0x06ffbecb:  
OBJD-T: 85c0750a

----------------
IN: 
0x06ffbecf:  
OBJD-T: e836a8ffff

----------------
IN: 
0x06ff670a:  
OBJD-T: 5557565383ec14ba6400000031c9b831280f00e8fd79ffff

----------------
IN: 
0x06ff6722:  
OBJD-T: a358ffff06a1f8fdff068d58fc83fbfc745e

----------------
IN: 
0x06ff6734:  
OBJD-T: 0fb74314c1e0080fb6531609d03d30030c007542

----------------
IN: 
0x06ff678a:  
OBJD-T: 8b5b0483eb04eb9d

----------------
IN: 
0x06ff672f:  
OBJD-T: 83fbfc745e

----------------
IN: 
0x06ff6792:  
OBJD-T: ba100d000031c0e838c4ffff

----------------
IN: 
0x06ff2bd6:  
OBJD-T: 5557565383ec1089c366c74424010c41c6442403d089d086e066894424040fb7
OBJD-T: d252688c1e0f006a0a8d7c241257e814fdffff

----------------
IN: 
0x000ec6de:  
OBJD-T: 3c2e0f848e010000

----------------
IN: 
0x000ec6e6:  
OBJD-T: 7f19

----------------
IN: 
0x000ec701:  
OBJD-T: 3c580f8405010000

----------------
IN: 
0x000ea284:  
OBJD-T: 8d50370fbed289d85be989ffffff

----------------
IN: 
0x06ff2c09:  
OBJD-T: 89c583c41085db7511

----------------
IN: 
0x06ff2c12:  
OBJD-T: 8b1d30fdff0685db7430

----------------
IN: 
0x06ff2c1c:  
OBJD-T: 8b731885f67504

----------------
IN: 
0x06ff2c23:  
OBJD-T: 8b1bebf1

----------------
IN: 
0x06ff2c18:  
OBJD-T: 85db7430

----------------
IN: 
0x06ff2c27:  
OBJD-T: b9050000008d5424018d4605e855770ff9

----------------
IN: 
0x06ff2c38:  
OBJD-T: 85c07410

----------------
IN: 
0x06ff2c3c:  
OBJD-T: 89e989fa8d4605e845770ff9

----------------
IN: 
0x06ff2c48:  
OBJD-T: 85c075d7

----------------
IN: 
0x06ff2c4c:  
OBJD-T: 89d883c4105b5e5f5dc3

----------------
IN: 
0x06ff679e:  
OBJD-T: 890424833c24007462

----------------
IN: 
0x06ff6809:  
OBJD-T: a1f8fdff068d58fc83fbfc0f84b2000000

----------------
IN: 
0x06ff681a:  
OBJD-T: 0fb74314c1e0080fb6531609d03d20030c000f858f000000

----------------
IN: 
0x06ff68c1:  
OBJD-T: 8b5b0483eb04e945ffffff

----------------
IN: 
0x06ff6811:  
OBJD-T: 83fbfc0f84b2000000

----------------
IN: 
0x06ff68cc:  
OBJD-T: a1f8fdff068d58fc83fbfc0f84c9000000

----------------
IN: 
0x06ff68dd:  
OBJD-T: 0fb74314c1e0080fb6531609d03d00030c000f85a6000000

----------------
IN: 
0x06ff699b:  
OBJD-T: 8b5b0483eb04e92effffff

----------------
IN: 
0x06ff68d4:  
OBJD-T: 83fbfc0f84c9000000

----------------
IN: 
0x06ff69a6:  
OBJD-T: a1f8fdff068d58fc83fbfc0f849e000000

----------------
IN: 
0x06ff69b7:  
OBJD-T: 0fb74314c1e0080fb6531609d03d10030c00757f

----------------
IN: 
0x06ff6a4a:  
OBJD-T: 8b5b0483eb04e959ffffff

----------------
IN: 
0x06ff69ae:  
OBJD-T: 83fbfc0f849e000000

----------------
IN: 
0x06ff6a55:  
OBJD-T: 833d30fdff0600744f

----------------
IN: 
0x06ff6a5e:  
OBJD-T: ba0303000031c0e86cc1ffff

----------------
IN: 
0x06ff6a6a:  
OBJD-T: 85c07432

----------------
IN: 
0x06ff6a6e:  
OBJD-T: 8b401c85c07438

----------------
IN: 
0x06ff6a75:  
OBJD-T: 8038087533

----------------
IN: 
0x06ff6a7a:  
OBJD-T: 31d28954240c895424108d4c240c83c00531d2e84d68ffff

----------------
IN: 
0x06ff6a92:  
OBJD-T: 837c2410007514

----------------
IN: 
0x06ff6a99:  
OBJD-T: 837c240c00750d

----------------
IN: 
0x06ff6aad:  
OBJD-T: ba87e90f000fb7d281ca000000f0b801000000e84a69ffff

----------------
IN: 
0x06ff6ac5:  
OBJD-T: ba2bd40f000fb7d281ca000000f0b80c000000e83269ffff

----------------
IN: 
0x06ff6add:  
OBJD-T: 31d2b82723ff06e81c7effff

----------------
IN: 
0x06fee905:  
OBJD-T: 5557565389c689d7803da04d0f0000747a

----------------
IN: 
0x06fee916:  
OBJD-T: b900100000ba00100000b878feff06e89bffffff

----------------
IN: 
0x06fee92a:  
OBJD-T: 89c385c07460

----------------
IN: 
0x06fee930:  
OBJD-T: 8d8000100000890389e0bda8610f003d000010007607

----------------
IN: 
0x06fee94d:  
OBJD-T: 8d55048d4304e879d6ffff

----------------
IN: 
0x06fee958:  
OBJD-T: 89f889f189ea687fe9fe065589228b23ffd1

----------------
IN: 
0x06ff2327:  
OBJD-T: 57565357e899ceffff

----------------
IN: 
0x06fef1c9:  
OBJD-T: 53bb10000000e464

----------------
IN: 
0x06fef1d1:  
OBJD-T: a8017425

----------------
IN: 
0x06fef1fa:  
OBJD-T: 31c05bc3

----------------
IN: 
0x06ff2330:  
OBJD-T: 85c00f8543010000

----------------
IN: 
0x06ff2338:  
OBJD-T: 31d2b8ad000000e810ceffff

----------------
IN: 
0x06fef154:  
OBJD-T: 57565389c389d7e82ade0ff9

----------------
IN: 
0x000ecf8a:  
OBJD-T: 53bb10270000e464

----------------
IN: 
0x000ecf92:  
OBJD-T: a8027423

----------------
IN: 
0x000ecfb9:  
OBJD-T: 31c05bc3

----------------
IN: 
0x06fef160:  
OBJD-T: 85c0755a

----------------
IN: 
0x06fef164:  
OBJD-T: 89c688d8e664

----------------
IN: 
0x06fef16a:  
OBJD-T: 89d8c1f80c48750f

----------------
IN: 
0x06fef181:  
OBJD-T: 81e3000f000081fb000100007534

----------------
IN: 
0x06fef1c3:  
OBJD-T: 89f05b5e5fc3

----------------
IN: 
0x06ff2344:  
OBJD-T: 85c00f852f010000

----------------
IN: 
0x06ff234c:  
OBJD-T: 31d2b8a7000000e8fccdffff

----------------
IN: 
0x06ff2358:  
OBJD-T: 85c00f851b010000

----------------
IN: 
0x06ff2360:  
OBJD-T: e864ceffff

----------------
IN: 
0x06ff2365:  
OBJD-T: 85c00f850e010000

----------------
IN: 
0x06ff236d:  
OBJD-T: c6442402008d542402b8aa010000e8d4cdffff

----------------
IN: 
0x06fef18f:  
OBJD-T: bb10270000e464

----------------
IN: 
0x06fef196:  
OBJD-T: a801751e

----------------
IN: 
0x06fef1b8:  
OBJD-T: e460

----------------
IN: 
0x06fef1ba:  
OBJD-T: 8807eb05

----------------
IN: 
0x06ff2380:  
OBJD-T: 85c00f85f3000000

----------------
IN: 
0x06ff2388:  
OBJD-T: 0fb64424023c557408

----------------
IN: 
0x06ff2399:  
OBJD-T: 8d542402b8ab010000e8adcdffff

----------------
IN: 
0x06ff23a7:  
OBJD-T: 85c00f85cc000000

----------------
IN: 
0x06ff23af:  
OBJD-T: 0fb65c240284db7412

----------------
IN: 
0x06ff23ca:  
OBJD-T: 31d231c9b84c1c0f00e847bdffff

----------------
IN: 
0x06ff23d8:  
OBJD-T: 89c6e8a9a00ff9

----------------
IN: 
0x000ec488:  
OBJD-T: 5389c3e888ffffff

----------------
IN: 
0x000ec418:  
OBJD-T: 668b1578600f006685d27518

----------------
IN: 
0x000ec43c:  
OBJD-T: 8b0d34990e006683fa407415

----------------
IN: 
0x000ec448:  
OBJD-T: ed

----------------
IN: 
0x000ec449:  
OBJD-T: 31c825ffffff0031c839c8732c

----------------
IN: 
0x000ec482:  
OBJD-T: a334990e00c3

----------------
IN: 
0x000ec490:  
OBJD-T: 0faf1d7c600f0001d85bc3

----------------
IN: 
0x06ff23df:  
OBJD-T: 89c7885c24028d542402b8ff010000e837feffff

----------------
IN: 
0x06ff222a:  
OBJD-T: 555756535189c689d50fb63d2c990e0089f88844240283e0fc83c83088442403
OBJD-T: 8d542403b860100000e8fcceffff

----------------
IN: 
0x06fef172:  
OBJD-T: e813de0ff9

----------------
IN: 
0x06fef177:  
OBJD-T: 85c07543

----------------
IN: 
0x06fef17b:  
OBJD-T: 8a07e660

----------------
IN: 
0x06fef17f:  
OBJD-T: eb42

----------------
IN: 
0x06ff2258:  
OBJD-T: 85c0740a

----------------
IN: 
0x06ff2266:  
OBJD-T: e860a80ff9

----------------
IN: 
0x000ecada:  
OBJD-T: 2500f0ffff89c389d8e815d7ffff

----------------
IN: 
0x000ea207:  
OBJD-T: 5756536816a20e005589208b215dc3

----------------
IN: 
0x06fee97f:  
OBJD-T: 81fda8610f007513

----------------
IN: 
0x06fee987:  
OBJD-T: 5b5e5f5de921e10ff9

----------------
IN: 
0x06ff6ae9:  
OBJD-T: b85c600f00bfc7ef0f00b90b00000089c6f3a4

----------------
IN: 
0x06ff6afc:  
OBJD-T: 66a37800000066c7057a00000000f0b090e670

----------------
IN: 
0x06ff6b0f:  
OBJD-T: e471

----------------
IN: 
0x06ff6b11:  
OBJD-T: 88c33c0f760f

----------------
IN: 
0x06ff6b17:  
OBJD-T: 88c2c0ea040fb6d231c0e817e4ffff

----------------
IN: 
0x06ff4f3d:  
OBJD-T: 57565381ec0001000089c3e8a4c9ffff

----------------
IN: 
0x06ff18f1:  
OBJD-T: 565389c689d38d42ff83f807760f

----------------
IN: 
0x06ff190e:  
OBJD-T: b82c000000e8c9d0ffff

----------------
IN: 
0x06ff1918:  
OBJD-T: 85c07513

----------------
IN: 
0x06ff192f:  
OBJD-T: b92c00000031d2e8759d0ff9

----------------
IN: 
0x06ff193b:  
OBJD-T: 897014c6001066c7401a0002885801c7400cffffffffc74010ffffffff6bdb0a
OBJD-T: 8b9300600f008950028b9304600f008950065b5ec3

----------------
IN: 
0x06ff4f4d:  
OBJD-T: 85c00f8486000000

----------------
IN: 
0x06ff4f55:  
OBJD-T: 89c78d434150688c240f006a50e85bf1ffff

----------------
IN: 
0x06ff40c2:  
OBJD-T: 565383ec0c8b74241889f0e8dea8ffff

----------------
IN: 
0x06ff40d2:  
OBJD-T: 89c385c07511

----------------
IN: 
0x06ff40e9:  
OBJD-T: c70424e2bffe068944240401c6897424088d4c242089e08b54241ce868850ff9

----------------
IN: 
0x000ec709:  
OBJD-T: 3c630f859f010000

----------------
IN: 
0x000ec711:  
OBJD-T: 0fbe1389e8e800dbffff

----------------
IN: 
0x000ec71b:  
OBJD-T: e94f010000

----------------
IN: 
0x06ff4109:  
OBJD-T: 8b4424048b54240839d07203

----------------
IN: 
0x06ff4118:  
OBJD-T: c6000089d883c40c5b5ec3

----------------
IN: 
0x06ff4f67:  
OBJD-T: 89c6a1f8fdff068d48fc83c40c83f9fc744e

----------------
IN: 
0x06ff4f79:  
OBJD-T: 6681791401067408

----------------
IN: 
0x06ff4f81:  
OBJD-T: 8b490483e904ebeb

----------------
IN: 
0x06ff4f74:  
OBJD-T: 83f9fc744e

----------------
IN: 
0x06ff4f89:  
OBJD-T: 85c9743a

----------------
IN: 
0x06ff4f8d:  
OBJD-T: ba9e240f0089e0e8baedffff

----------------
IN: 
0x06ff3d53:  
OBJD-T: 5557565389c689d589cf8b490c85c9740e

----------------
IN: 
0x06ff3d72:  
OBJD-T: 6880200f00688b200f00680001000050e896ebffff

----------------
IN: 
0x06ff3d87:  
OBJD-T: 89c28d1c060fb6470283c41084c07419

----------------
IN: 
0x06ff3db0:  
OBJD-T: 8b0789c783e70781c600010000c0e8030fb6c050556892200f0089f029d85053
OBJD-T: e848ebffff

----------------
IN: 
0x06ff3dd5:  
OBJD-T: 01c383c41489f884c07417

----------------
IN: 
0x06ff3df7:  
OBJD-T: 89d85b5e5f5dc3

----------------
IN: 
0x06ff4f99:  
OBJD-T: 5368f003000068a2240f008d94240c01000029c25250e869d9ffff

----------------
IN: 
0x06ff4fb4:  
OBJD-T: 8d442414e853aeffff

----------------
IN: 
0x06fefe10:  
OBJD-T: 5557565389c650689f110f00e898d00ff9

----------------
IN: 
0x06fefe21:  
OBJD-T: 8b3d44ffff068b2d54feff06585a31db39df7e12

----------------
IN: 
0x06fefe47:  
OBJD-T: bbffffffff89d85b5e5f5dc3

----------------
IN: 
0x06ff4fbd:  
OBJD-T: 89c283c41483f8ff7506

----------------
IN: 
0x06ff4fc7:  
OBJD-T: 8b1550feff065689f9b801000000e87a9bffff

----------------
IN: 
0x06feeb54:  
OBJD-T: 5557565383ec0889042489d689cf8b6c241cb818000000e840feffff

----------------
IN: 
0x06feeb70:  
OBJD-T: 85c07516

----------------
IN: 
0x06feeb8a:  
OBJD-T: 8b0c24890889700889780485ed7505

----------------
IN: 
0x06feeb9e:  
OBJD-T: 89680c8b0d40feff06833c24030f9e442407ba40feff0685c9750f

----------------
IN: 
0x06feebb9:  
OBJD-T: 83c01083c4085b5e5f5de909d4ffff

----------------
IN: 
0x06ff4fda:  
OBJD-T: 5881c4000100005b5e5fc3

----------------
IN: 
0x06ff6b26:  
OBJD-T: 80e30f740d

----------------
IN: 
0x06ff6b38:  
OBJD-T: ba57ef0f000fb7d281ca000000f0b806000000e8bf68ffff

----------------
IN: 
0x06ff6b50:  
OBJD-T: b8007d0000e82e590ff9

----------------
IN: 
0x06ff6b5a:  
OBJD-T: a350ffff06a1f8fdff068d58fc85c07536

----------------
IN: 
0x06ff6ba1:  
OBJD-T: 83fbfc7414

----------------
IN: 
0x06ff6ba6:  
OBJD-T: 89dab8e0fcff06e89568ffff

----------------
IN: 
0x06ff6bb2:  
OBJD-T: 8b5b0483eb04ebe7

----------------
IN: 
0x06ff2589:  
OBJD-T: 5557565389c30fb668160fb700ba3c000000e8637f0ff9

----------------
IN: 
0x06ff25a0:  
OBJD-T: 89c6f7c501000000742f

----------------
IN: 
0x06ff25d9:  
OBJD-T: b90e000000b8f4030000bff0010000505731d289d8e8f3feffff

----------------
IN: 
0x06ff24e6:  
OBJD-T: 5557565383ec0889c789142489ce8b6c241c8b54242089542404b814000000e8
OBJD-T: d7c4ffff

----------------
IN: 
0x06ff250a:  
OBJD-T: 85c08b5424047516

----------------
IN: 
0x06ff2528:  
OBJD-T: 89c38b0d00ffff068d4101a300ffff06884b088a0c24884b0789f1884b06b9ff
OBJD-T: ffffff85ff7403

----------------
IN: 
0x06ff254f:  
OBJD-T: 0fb70f894b0c897b1066892b6689530266c74304000051566a0052555068d21c
OBJD-T: 0f00e843a90ff9

----------------
IN: 
0x06ff2576:  
OBJD-T: 89dab8a399ff0683c4245b5e5f5de97cc3ffff

----------------
IN: 
0x06ff99a3:  
OBJD-T: 5557565381ec740200008944240c8d442440b93400000031d2e8ef1c0ff9

----------------
IN: 
0x06ff99c1:  
OBJD-T: 8b44240c8944246cc64424030031f68b44240c0fb70089c589442404e8505dff
OBJD-T: ff

----------------
IN: 
0x06fef732:  
OBJD-T: 565389c631db8d5607ec

----------------
IN: 
0x06fef73c:  
OBJD-T: 84c07932

----------------
IN: 
0x06fef772:  
OBJD-T: 0fb6c0eb05

----------------
IN: 
0x06fef77c:  
OBJD-T: 5b5ec3

----------------
IN: 
0x06ff99e2:  
OBJD-T: 400f84b1030000

----------------
IN: 
0x06ff99e9:  
OBJD-T: b3a0807c2403007402

----------------
IN: 
0x06ff99f4:  
OBJD-T: 88d88d5506ee

----------------
IN: 
0x06ff99fa:  
OBJD-T: e8192a0ff9

----------------
IN: 
0x06ff99ff:  
OBJD-T: 8944241069057c600f0090010000053f420f00b940420f0031d2f7f103442410
OBJD-T: e8cf2a0ff9

----------------
IN: 
0x000ec4f3:  
OBJD-T: 5389c389d8e8e2ffffff

----------------
IN: 
0x000ec4df:  
OBJD-T: 5389c3e831ffffff

----------------
IN: 
0x000ec4e7:  
OBJD-T: 29d885c00f9fc00fb6c05bc3

----------------
IN: 
0x000ec4fd:  
OBJD-T: 85c07504

----------------
IN: 
0x000ec505:  
OBJD-T: 5bc3

----------------
IN: 
0x06ff9a24:  
OBJD-T: 0fb7c5e8065dffff

----------------
IN: 
0x06ff9a2c:  
OBJD-T: 400f8467030000

----------------
IN: 
0x06ff9a33:  
OBJD-T: 88d88d5506ee

----------------
IN: 
0x06ff9a39:  
OBJD-T: ec

----------------
IN: 
0x06ff9a3a:  
OBJD-T: 88442410b0558d5502ee

----------------
IN: 
0x06ff9a44:  
OBJD-T: b0aa8d5503ee

----------------
IN: 
0x06ff9a4a:  
OBJD-T: 8d5502ec

----------------
IN: 
0x06ff9a4e:  
OBJD-T: 8d550388c1ec

----------------
IN: 
0x06ff9a54:  
OBJD-T: 3caa0f95c080f9550f95c208d00f8533030000

----------------
IN: 
0x06ff9a67:  
OBJD-T: 3a5c24100f8529030000

----------------
IN: 
0x06ff9a71:  
OBJD-T: 8a4424038844247085f60f85a6000000

----------------
IN: 
0x06ff9a81:  
OBJD-T: 8b44246c0fb73889fb668b700283c602b00e89f2ee

----------------
IN: 
0x06ff9a96:  
OBJD-T: b805000000e8672a0ff9

----------------
IN: 
0x000ec507:  
OBJD-T: e88fffffff

----------------
IN: 
0x000ec49b:  
OBJD-T: 565389c3e874ffffff

----------------
IN: 
0x000ec4a4:  
OBJD-T: 89c18b357c600f0081fb20a107007614

----------------
IN: 
0x000ec4c8:  
OBJD-T: 0faff38d86e7030000bbe803000031d2f7f301c85b5ec3

----------------
IN: 
0x000ec50c:  
OBJD-T: e9e2ffffff

----------------
IN: 
0x06ff9aa0:  
OBJD-T: b00a89f2ee

----------------
IN: 
0x06ff9aa5:  
OBJD-T: b802000000e80d48ffff

----------------
IN: 
0x06fee2bc:  
OBJD-T: 53e8c6e10ff9

----------------
IN: 
0x06fee2c2:  
OBJD-T: 89c389d8e814e20ff9

----------------
IN: 
0x06fee2cb:  
OBJD-T: 85c07507

----------------
IN: 
0x06fee2cf:  
OBJD-T: e8f7e70ff9

----------------
IN: 
0x000ea216:  
OBJD-T: 5b5e5fc3

----------------
IN: 
0x000ecaf6:  
OBJD-T: 5bc3

----------------
IN: 
0x06ff226b:  
OBJD-T: 8a442403a22c990e0083e0ef884424038d542403b860100000e8cbceffff

----------------
IN: 
0x06ff2289:  
OBJD-T: 89c385c07407

----------------
IN: 
0x06ff2296:  
OBJD-T: 89f00fb6c089f1fec17515

----------------
IN: 
0x06ff22a1:  
OBJD-T: bae8030000e849ffffff

----------------
IN: 
0x06ff21f4:  
OBJD-T: 565389d688c3e88bad0ff9

----------------
IN: 
0x06ff21ff:  
OBJD-T: 85c0751f

----------------
IN: 
0x06ff2203:  
OBJD-T: 88d8e660

----------------
IN: 
0x06ff2207:  
OBJD-T: 89f2b801000000e85cffffff

----------------
IN: 
0x06ff216f:  
OBJD-T: 565389c389d0e80ea30ff9

----------------
IN: 
0x06ff217a:  
OBJD-T: 89c6e464

----------------
IN: 
0x06ff217e:  
OBJD-T: 0fb6d0f6c201743e

----------------
IN: 
0x06ff2186:  
OBJD-T: e460

----------------
IN: 
0x06ff2188:  
OBJD-T: f6c2207525

----------------
IN: 
0x06ff218d:  
OBJD-T: 85db7505

----------------
IN: 
0x06ff2196:  
OBJD-T: 3cfa7452

----------------
IN: 
0x06ff21ec:  
OBJD-T: b8fa0000005b5ec3

----------------
IN: 
0x06ff2213:  
OBJD-T: 3dfa0000000f95c00fb6c0f7d8eb05

----------------
IN: 
0x06ff2227:  
OBJD-T: 5b5ec3

----------------
IN: 
0x06ff22ab:  
OBJD-T: baa00f000085c075db

----------------
IN: 
0x06ff22b4:  
OBJD-T: eb3f

----------------
IN: 
0x06ff22f5:  
OBJD-T: e875feffff

----------------
IN: 
0x06ff2191:  
OBJD-T: 0fb6c0eb5b

----------------
IN: 
0x06ff21f1:  
OBJD-T: 5b5ec3

----------------
IN: 
0x06ff22fa:  
OBJD-T: 83f8ff7490

----------------
IN: 
0x06ff22ff:  
OBJD-T: 88450089f8a22c990e008d542402b860100000e83dceffff

----------------
IN: 
0x06ff2317:  
OBJD-T: 85c00f853dffffff

----------------
IN: 
0x06ff231f:  
OBJD-T: 89d85a5b5e5f5dc3

----------------
IN: 
0x06ff23f3:  
OBJD-T: 0fb65c240285c07429

----------------
IN: 
0x06ff2425:  
OBJD-T: 80fbaa7408

----------------
IN: 
0x06ff2432:  
OBJD-T: 31d2b8f5000000e8ecfdffff

----------------
IN: 
0x06ff25f3:  
OBJD-T: 595f83e504742f

----------------
IN: 
0x06ff2629:  
OBJD-T: b90f000000b874030000bf700100005057ba0100000089d8e8a0feffff

----------------
IN: 
0x000ec501:  
OBJD-T: f390

----------------
IN: 
0x000ec503:  
OBJD-T: ebf1

----------------
IN: 
0x000ec4f6:  
OBJD-T: 89d8e8e2ffffff

----------------
IN: 
0x06fee2d4:  
OBJD-T: ebee

----------------
IN: 
0x06fee2c4:  
OBJD-T: 89d8e814e20ff9

----------------
IN: 
0x06fee2d6:  
OBJD-T: 5bc3

----------------
IN: 
0x06ff9aaf:  
OBJD-T: 89f8e871360ff9

----------------
IN: 
0x000ed127:  
OBJD-T: 0fb7c831d2b880000000e99bffffff

----------------
IN: 
0x000ed0d1:  
OBJD-T: 5557565389c389d689cfb8007d0000e8a3f3ffff

----------------
IN: 
0x000ed0e5:  
OBJD-T: 89c58d5707ec

----------------
IN: 
0x000ed0eb:  
OBJD-T: 88c221da89f138ca7505

----------------
IN: 
0x000ed0f5:  
OBJD-T: 0fb6c0eb28

----------------
IN: 
0x000ed122:  
OBJD-T: 5b5e5f5dc3

----------------
IN: 
0x06ff9ab6:  
OBJD-T: 407469

----------------
IN: 
0x06ff9ab9:  
OBJD-T: 83c306807c2403007442

----------------
IN: 
0x06ff9b05:  
OBJD-T: b0a089daee

----------------
IN: 
0x06ff9b0a:  
OBJD-T: 807c2440207511

----------------
IN: 
0x06ff9b22:  
OBJD-T: b00889f2ee

----------------
IN: 
0x06ff9b27:  
OBJD-T: b9a10000008d5424748d442440e8525bffff

----------------
IN: 
0x06fef68b:  
OBJD-T: 57565383ec2089c789d389ceb90002000031d289d8e80bc00ff9

----------------
IN: 
0x06fef6a5:  
OBJD-T: b9140000008d44240ce8fdbf0ff9

----------------
IN: 
0x06fef6b3:  
OBJD-T: 897c241066c74424160100c74424180100000031c08944241c895c240cb90c00
OBJD-T: 000089e0e8d4bf0ff9

----------------
IN: 
0x06fef6dc:  
OBJD-T: 89f0884424068b472c668b30668b580283c302b00a89daee

----------------
IN: 
0x06fef6f4:  
OBJD-T: 89e289f8e890da0ff9

----------------
IN: 
0x000ed18d:  
OBJD-T: 5557565383ec0889d30fb678308b402c0fb70089c5e880ffffff

----------------
IN: 
0x000ed1a7:  
OBJD-T: 40750a

----------------
IN: 
0x000ed1b4:  
OBJD-T: 8a430583e04fb1a089fa84d27402

----------------
IN: 
0x000ed1c4:  
OBJD-T: 09c18d5506ec

----------------
IN: 
0x000ed1ca:  
OBJD-T: 89c788c8ee

----------------
IN: 
0x000ed1cf:  
OBJD-T: 31f980e110754b

----------------
IN: 
0x000ed1d6:  
OBJD-T: 8a43068804248d450166894424048d450566894424068b042425ee00000083f8
OBJD-T: 247538

----------------
IN: 
0x000ed231:  
OBJD-T: 8a038b542404ee

----------------
IN: 
0x000ed238:  
OBJD-T: 8a43018d5502ee

----------------
IN: 
0x000ed23f:  
OBJD-T: 8a43028d5503ee

----------------
IN: 
0x000ed246:  
OBJD-T: 8a43038d5504ee

----------------
IN: 
0x000ed24d:  
OBJD-T: 8a4304668b542406ee

----------------
IN: 
0x000ed256:  
OBJD-T: 8d55078a0424ee

----------------
IN: 
0x000ed25d:  
OBJD-T: 31c083c4085b5e5f5dc3

----------------
IN: 
0x06fef6fd:  
OBJD-T: b9ffffffff85c0751e

----------------
IN: 
0x06fef706:  
OBJD-T: 0fb7c6e85cda0ff9

----------------
IN: 
0x000ed16a:  
OBJD-T: 0fb7c0e8c4ffffff

----------------
IN: 
0x000ed136:  
OBJD-T: 565389c3e8d9f2ffff

----------------
IN: 
0x000ed13f:  
OBJD-T: 89c169057c600f0090010000053f420f00be40420f0031d2f7f601c8e893f3ff
OBJD-T: ff

----------------
IN: 
0x000ed160:  
OBJD-T: 0fb7c35b5ee9bdffffff

----------------
IN: 
0x000ed172:  
OBJD-T: 83f8ff7415

----------------
IN: 
0x000ed177:  
OBJD-T: a801750c

----------------
IN: 
0x000ed187:  
OBJD-T: b8fcffffffc3

----------------
IN: 
0x06fef70e:  
OBJD-T: 89c185c07510

----------------
IN: 
0x06fef724:  
OBJD-T: b00889daee

----------------
IN: 
0x06fef729:  
OBJD-T: 89c883c4205b5e5fc3

----------------
IN: 
0x06ff9b39:  
OBJD-T: 85c07411

----------------
IN: 
0x06ff9b3d:  
OBJD-T: 8d5507ec

----------------
IN: 
0x06ff9b41:  
OBJD-T: 84c00f84fe000000

----------------
IN: 
0x06ff9b49:  
OBJD-T: e9cd000000

----------------
IN: 
0x06ff9c1b:  
OBJD-T: 8b4c2404ba40000000b840000000e8a3340ff9

----------------
IN: 
0x06ff9c2e:  
OBJD-T: 407416

----------------
IN: 
0x06ff9c31:  
OBJD-T: b9ec0000008d5424748d442440e8485affff

----------------
IN: 
0x000ed17b:  
OBJD-T: 83e00883f80119c083e0fbc3

----------------
IN: 
0x06fef714:  
OBJD-T: ba000200008d44240ce845db0ff9

----------------
IN: 
0x000ed267:  
OBJD-T: 5557565383ec1089c38914248b40048b402c668b0866894c2404668b40026689
OBJD-T: 4424060fb7730a8b2b89d0d1f8894424080fb7c18944240c8b4c240889ef8b54
OBJD-T: 240466f36d

----------------
IN: 
0x000ed2ac:  
OBJD-T: 668b4424068d5002ec

----------------
IN: 
0x000ed2b5:  
OBJD-T: 8b44240ce869feffff

----------------
IN: 
0x000ed2be:  
OBJD-T: 83f8ff7506

----------------
IN: 
0x000ed2c9:  
OBJD-T: 25890000004e7413

----------------
IN: 
0x000ed2e4:  
OBJD-T: 85c07405

----------------
IN: 
0x000ed2ed:  
OBJD-T: 83c4105b5e5f5dc3

----------------
IN: 
0x06fef722:  
OBJD-T: 89c1b00889daee

----------------
IN: 
0x06ff9c43:  
OBJD-T: 85c0740a

----------------
IN: 
0x06ff9c51:  
OBJD-T: 8d5424748d442440e84b51ffff

----------------
IN: 
0x06feeda9:  
OBJD-T: 57565389c789d6b834000000e827fcffff

----------------
IN: 
0x06feedba:  
OBJD-T: 89c385c07511

----------------
IN: 
0x06feedd1:  
OBJD-T: b93400000031d2e8d3c80ff9

----------------
IN: 
0x06feeddd:  
OBJD-T: 8b472c89432c0fb657308853300fb6400801c001d08943140fb706c0e8078843
OBJD-T: 1889d85b5e5fc3

----------------
IN: 
0x06ff9c5e:  
OBJD-T: 89c385c074e3

----------------
IN: 
0x06ff9c64:  
OBJD-T: c6002066c7401a0002668b4424766689431e668b44247a6689431c8b84248000
OBJD-T: 000066894320f684241b010000047410

----------------
IN: 
0x06ff9c94:  
OBJD-T: 8b84243c0100008b942440010000eb09

----------------
IN: 
0x06ff9cad:  
OBJD-T: 89430c89531089c689d70facfe0bc1ef0b89742404897c2408b9ffff00003b4c
OBJD-T: 2404b9000000001b4c2408bd4d0000007314

----------------
IN: 
0x06ff9cf3:  
OBJD-T: 8d442474e8cf25ffff

----------------
IN: 
0x06fec2cb:  
OBJD-T: 89c2b80f0000000fb792a00000000fa3c27205

----------------
IN: 
0x06fec2de:  
OBJD-T: 4875f8

----------------
IN: 
0x06fec2d9:  
OBJD-T: 0fa3c27205

----------------
IN: 
0x06fec2e3:  
OBJD-T: c3

----------------
IN: 
0x06ff9cfc:  
OBJD-T: 89c78d4424178d542474e8ad35ffff

----------------
IN: 
0x06fed2b8:  
OBJD-T: 5389c389d131c0668b54413686f2668914434083f81475ef

----------------
IN: 
0x06fed2bf:  
OBJD-T: 668b54413686f2668914434083f81475ef

----------------
IN: 
0x06fed2d0:  
OBJD-T: c643280089d8e842edffff

----------------
IN: 
0x06fec01d:  
OBJD-T: 89c1e85ce30ff9

----------------
IN: 
0x06fec024:  
OBJD-T: 8d4401ff39c8720c

----------------
IN: 
0x06fec02c:  
OBJD-T: 8038207f07

----------------
IN: 
0x06fec031:  
OBJD-T: 48c6400100ebf0

----------------
IN: 
0x06fec028:  
OBJD-T: 39c8720c

----------------
IN: 
0x06fec038:  
OBJD-T: 89c88a1084d27408

----------------
IN: 
0x06fec040:  
OBJD-T: 80fa207f03

----------------
IN: 
0x06fec048:  
OBJD-T: c3

----------------
IN: 
0x06fed2db:  
OBJD-T: 89d85bc3

----------------
IN: 
0x06ff9d0b:  
OBJD-T: 89e90fbee955ff74240857500fb64330508b432c0fb640085068b6300f006a50
OBJD-T: e892a3ffff

----------------
IN: 
0x000ec768:  
OBJD-T: 8b0384d27505

----------------
IN: 
0x000ec76e:  
OBJD-T: 83c304eb03

----------------
IN: 
0x000ec776:  
OBJD-T: 89c289e8e8a1daffff

----------------
IN: 
0x06ff9d30:  
OBJD-T: 89c683c4205068b2300f00e879310ff9

----------------
IN: 
0x06ff9d40:  
OBJD-T: 8b432c0fb64b300fb650078b4010e8ffa1ffff

----------------
IN: 
0x06ff3f52:  
OBJD-T: 85c07443

----------------
IN: 
0x06ff3f56:  
OBJD-T: 565381ec0001000089d389ce89c1bac7200f0089e0e8e3fdffff

----------------
IN: 
0x06ff3de0:  
OBJD-T: 0fb6f857688e200f0029de5653e82bebffff

----------------
IN: 
0x06ff3df2:  
OBJD-T: 01c383c41089d85b5e5f5dc3

----------------
IN: 
0x06ff3f70:  
OBJD-T: 565368c9200f008d94240c01000029c25250e896e9ffff

----------------
IN: 
0x06ff3f87:  
OBJD-T: 8d442414e880beffff

----------------
IN: 
0x06ff3f90:  
OBJD-T: 81c4140100005b5ec3

----------------
IN: 
0x06ff9d53:  
OBJD-T: 89c78b432c0fb64b300fb650078b40108d6b0255e8eba2ffff

----------------
IN: 
0x06ff4057:  
OBJD-T: 57565381ec000100008b9c241001000085c0744d

----------------
IN: 
0x06ff406b:  
OBJD-T: 89d689cf89c1bac7200f0089e0e8d6fcffff

----------------
IN: 
0x06ff407d:  
OBJD-T: 575668c9200f008d94240c01000029c25250e889e8ffff

----------------
IN: 
0x06ff4094:  
OBJD-T: 8d442414e82abdffff

----------------
IN: 
0x06fefdc7:  
OBJD-T: 555756535189c650687e110f00e8e0d00ff9

----------------
IN: 
0x06fefdd9:  
OBJD-T: a148ffff06894424088b1d58feff065f5d31ff393c247e15

----------------
IN: 
0x06fefe06:  
OBJD-T: 31ed89e85a5b5e5f5dc3

----------------
IN: 
0x06ff409d:  
OBJD-T: 83c41485c07414

----------------
IN: 
0x06ff40b8:  
OBJD-T: 81c4000100005b5e5fc3

----------------
IN: 
0x06ff9d6c:  
OBJD-T: 89f989f289d8e8854effff

----------------
IN: 
0x06feebfc:  
OBJD-T: 5389c389d08b1548feff0685c97802

----------------
IN: 
0x06feec0d:  
OBJD-T: 5089d9b802000000e83affffff

----------------
IN: 
0x06feebc8:  
OBJD-T: 8b0a3971f87fea

----------------
IN: 
0x06feec1a:  
OBJD-T: 585bc3

----------------
IN: 
0x06ff9d77:  
OBJD-T: 83c40c807c240300752a

----------------
IN: 
0x06ff9d81:  
OBJD-T: 668b84242e010000662561df663d41407418

----------------
IN: 
0x06ff9d93:  
OBJD-T: be01000000eb07

----------------
IN: 
0x06ff9da1:  
OBJD-T: c644240301e925fcffff

----------------
IN: 
0x06ff99d0:  
OBJD-T: 8b44240c0fb70089c589442404e8505dffff

----------------
IN: 
0x06ff99f2:  
OBJD-T: b3b088d88d5506ee

----------------
IN: 
0x000ed1c2:  
OBJD-T: b1b009c18d5506ec

----------------
IN: 
0x06ff9c47:  
OBJD-T: be01000000e949010000

----------------
IN: 
0x06ff9d9a:  
OBJD-T: 807c240301740a

----------------
IN: 
0x06ff9dab:  
OBJD-T: 81c4740200005b5e5f5dc3

----------------
IN: 
0x06fee96a:  
OBJD-T: 89d88b5b048b25a8610f00e859fbffff

----------------
IN: 
0x06fee4d3:  
OBJD-T: 89c18d4004e8e3daffff

----------------
IN: 
0x06fee4dd:  
OBJD-T: 89c8e86dffffff

----------------
IN: 
0x06fee4e4:  
OBJD-T: 813dac610f00ac610f00750b

----------------
IN: 
0x06fee4fb:  
OBJD-T: c3

----------------
IN: 
0x06fee97a:  
OBJD-T: 8b63fc5dc3

----------------
IN: 
0x06ff22b6:  
OBJD-T: bac8000000e834ffffff

----------------
IN: 
0x06ff22c0:  
OBJD-T: 85c075cb

----------------
IN: 
0x06ff22c4:  
OBJD-T: 89f0c1f80c487514

----------------
IN: 
0x06ff22e0:  
OBJD-T: 81e6000f000081fe000100007514

----------------
IN: 
0x06ff2302:  
OBJD-T: 89f8a22c990e008d542402b860100000e83dceffff

----------------
IN: 
0x06ff243e:  
OBJD-T: 85c07539

----------------
IN: 
0x06ff2442:  
OBJD-T: c6442402028d542402b8f0100000e8d5fdffff

----------------
IN: 
0x06ff2646:  
OBJD-T: 585a5b5e5f5dc3

----------------
IN: 
0x06ff6bba:  
OBJD-T: c60576040000c0ba19d40f000fb7d281ca000000f0b80e000000e83668ffff

----------------
IN: 
0x06ff6bd9:  
OBJD-T: a1f8fdff068d78fc83fffc0f843d020000

----------------
IN: 
0x06ff6bea:  
OBJD-T: 66817f1406010f8526020000

----------------
IN: 
0x06ff6e1c:  
OBJD-T: 8b7f0483ef04e9bafdffff

----------------
IN: 
0x06ff6be1:  
OBJD-T: 83fffc0f843d020000

----------------
IN: 
0x06ff6e27:  
OBJD-T: 31db8b1424b840290f00e8e655ffff

----------------
IN: 
0x06ff6e36:  
OBJD-T: 89042485c0740f

----------------
IN: 
0x06ff6e4c:  
OBJD-T: 85db7428

----------------
IN: 
0x06ff6e78:  
OBJD-T: a1f8fdff068d58fc83fbfc74cb

----------------
IN: 
0x06ff6e85:  
OBJD-T: 66817b1405087512

----------------
IN: 
0x06ff6e9f:  
OBJD-T: 8b5b0483eb04ebd9

----------------
IN: 
0x06ff6e80:  
OBJD-T: 83fbfc74cb

----------------
IN: 
0x06ff6e50:  
OBJD-T: 31d2b84b290f00e8c055ffff

----------------
IN: 
0x06ff6e5c:  
OBJD-T: 89c385c00f848d000000

----------------
IN: 
0x06ff6ef3:  
OBJD-T: e85b8fffff

----------------
IN: 
0x06fefe53:  
OBJD-T: a12cfdff0683f8fe750f

----------------
IN: 
0x06fefe5d:  
OBJD-T: b8bc110f00e8a9ffffff

----------------
IN: 
0x06fefe67:  
OBJD-T: a32cfdff06f7d0c1e81fc3

----------------
IN: 
0x06ff6ef8:  
OBJD-T: 89c6a1f8fdff068d58fc83fbfc744b

----------------
IN: 
0x06ff6f07:  
OBJD-T: 66817b10f41a753b

----------------
IN: 
0x06ff6f4a:  
OBJD-T: 8b5b0483eb04ebb0

----------------
IN: 
0x06ff6f02:  
OBJD-T: 83fbfc744b

----------------
IN: 
0x06ff6f52:  
OBJD-T: e8fc8effff

----------------
IN: 
0x06fefe6c:  
OBJD-T: f7d0c1e81fc3

----------------
IN: 
0x06ff6f57:  
OBJD-T: 89c6a1f8fdff068d58fc83fbfc744b

----------------
IN: 
0x06ff6f66:  
OBJD-T: 66817b10f41a753b

----------------
IN: 
0x06ff6fa9:  
OBJD-T: 8b5b0483eb04ebb0

----------------
IN: 
0x06ff6f61:  
OBJD-T: 83fbfc744b

----------------
IN: 
0x06ff6fb1:  
OBJD-T: a1f8fdff068d58fc83fbfc7423

----------------
IN: 
0x06ff6fbe:  
OBJD-T: 66817b1000107513

----------------
IN: 
0x06ff6fd9:  
OBJD-T: 8b5b0483eb04ebd8

----------------
IN: 
0x06ff6fb9:  
OBJD-T: 83fbfc7423

----------------
IN: 
0x06ff6fe1:  
OBJD-T: a1f8fdff068d58fc83fbfc7424

----------------
IN: 
0x06ff6fee:  
OBJD-T: 66817b1022107514

----------------
IN: 
0x06ff700a:  
OBJD-T: 8b5b0483eb04ebd7

----------------
IN: 
0x06ff6fe9:  
OBJD-T: 83fbfc7424

----------------
IN: 
0x06ff7012:  
OBJD-T: a1f8fdff068d58fc83fbfc7459

----------------
IN: 
0x06ff701f:  
OBJD-T: 8b4310663d28107406

----------------
IN: 
0x06ff7028:  
OBJD-T: 663d00107542

----------------
IN: 
0x06ff7070:  
OBJD-T: 8b5b0483eb04eba2

----------------
IN: 
0x06ff701a:  
OBJD-T: 83fbfc7459

----------------
IN: 
0x06ff7078:  
OBJD-T: a1f8fdff068d58fc83fbfc7424

----------------
IN: 
0x06ff7085:  
OBJD-T: 66817b10ad157514

----------------
IN: 
0x06ff70a1:  
OBJD-T: 8b5b0483eb04ebd7

----------------
IN: 
0x06ff7080:  
OBJD-T: 83fbfc7424

----------------
IN: 
0x06ff70a9:  
OBJD-T: a1f8fdff068d58fc83fbfc7430

----------------
IN: 
0x06ff70b6:  
OBJD-T: 66817b1000107520

----------------
IN: 
0x06ff70de:  
OBJD-T: 8b5b0483eb04ebcb

----------------
IN: 
0x06ff70b1:  
OBJD-T: 83fbfc7430

----------------
IN: 
0x06ff70e6:  
OBJD-T: a1f8fdff068d58fc83fbfc7422

----------------
IN: 
0x06ff70f3:  
OBJD-T: 66817b1408017512

----------------
IN: 
0x06ff710d:  
OBJD-T: 8b5b0483eb04ebd9

----------------
IN: 
0x06ff70ee:  
OBJD-T: 83fbfc7422

----------------
IN: 
0x06ff7115:  
OBJD-T: ba7a030000ec

----------------
IN: 
0x06ff711b:  
OBJD-T: 83e0dfee

----------------
IN: 
0x06ff711f:  
OBJD-T: ba78030000b0aaee

----------------
IN: 
0x06ff7127:  
OBJD-T: ec

----------------
IN: 
0x06ff7128:  
OBJD-T: 31c93caa7515

----------------
IN: 
0x06ff712e:  
OBJD-T: 66c705080400007803c6057804000014b901000000ba7a020000ec

----------------
IN: 
0x06ff7149:  
OBJD-T: 83e0dfee

----------------
IN: 
0x06ff714d:  
OBJD-T: ba78020000b0aaee

----------------
IN: 
0x06ff7155:  
OBJD-T: ec

----------------
IN: 
0x06ff7156:  
OBJD-T: 31d23caa7519

----------------
IN: 
0x06ff7175:  
OBJD-T: 8d1c0a0fb7c35068e8290f00e8335d0ff9

----------------
IN: 
0x06ff7186:  
OBJD-T: a1100400006625ff3f89dac1e20e09d066a31004000031d2b8f8030000e89b61
OBJD-T: ffff

----------------
IN: 
0x06fed343:  
OBJD-T: 565389c389d1b0028d5301ee

----------------
IN: 
0x06fed34f:  
OBJD-T: ec

----------------
IN: 
0x06fed350:  
OBJD-T: 3c02752d

----------------
IN: 
0x06fed354:  
OBJD-T: 8d5302ec

----------------
IN: 
0x06fed358:  
OBJD-T: 83e03f3c02b800000000751f

----------------
IN: 
0x06fed364:  
OBJD-T: 8d5301ee

----------------
IN: 
0x06fed368:  
OBJD-T: 0fb6c166899c0000040000c6807c0400000ab801000000eb02

----------------
IN: 
0x06fed383:  
OBJD-T: 5b5ec3

----------------
IN: 
0x06ff71a8:  
OBJD-T: 0fb7d089d3b8f8020000e88c61ffff

----------------
IN: 
0x06fed381:  
OBJD-T: 31c05b5ec3

----------------
IN: 
0x06ff71b7:  
OBJD-T: 01c30fb7d3b8e8030000e87d61ffff

----------------
IN: 
0x06ff71c6:  
OBJD-T: 01c30fb7d3b8e8020000e86e61ffff

----------------
IN: 
0x06ff71d5:  
OBJD-T: 01c30fb7c35068fc290f00e8d45c0ff9

----------------
IN: 
0x06ff71e5:  
OBJD-T: a11004000080e4f1c1e30909d866a31004000083c4245b5e5f5dc3

----------------
IN: 
0x06ffbed4:  
OBJD-T: e8d522ffff

----------------
IN: 
0x06fee1ae:  
OBJD-T: 813dac610f00ac610f007407

----------------
IN: 
0x06fee1ba:  
OBJD-T: e80ce90ff9

----------------
IN: 
0x06ff9b4e:  
OBJD-T: 8d5424748d442440e84e52ffff

----------------
IN: 
0x06ff9b5b:  
OBJD-T: 89c385c074dc

----------------
IN: 
0x06ff9b61:  
OBJD-T: c6002166c7401a0008c7400cffffffffc74010ffffffff0fb67c247583e71fbd
OBJD-T: 89300f006683ff057505

----------------
IN: 
0x06ff9b8b:  
OBJD-T: bd82300f008d442474e83227ffff

----------------
IN: 
0x06ff9b99:  
OBJD-T: 89c68d4424178d542474e81037ffff

----------------
IN: 
0x06ff9ba8:  
OBJD-T: 5556500fb64330508b432c0fb64008506890300f006a50e8fea4ffff

----------------
IN: 
0x06ff9bc4:  
OBJD-T: 89c65068b2300f00e8e8320ff9

----------------
IN: 
0x06ff9bd1:  
OBJD-T: 83c4246683ff050f859c010000

----------------
IN: 
0x06ff9bde:  
OBJD-T: 8b432c0fb64b300fb650078b4010e861a3ffff

----------------
IN: 
0x06ff9bf1:  
OBJD-T: 89c78b432c0fb64b300fb650078b40108d6b0255e84da4ffff

----------------
IN: 
0x06ff9c0a:  
OBJD-T: 89f989f289d8e837fdffff

----------------
IN: 
0x06ff994c:  
OBJD-T: 5557565389c589d389cef605c0550f00017425

----------------
IN: 
0x06ff995f:  
OBJD-T: e82bffffff

----------------
IN: 
0x06ff988f:  
OBJD-T: 5381ec1408000089c3b91400000031d289e0e80a1e0ff9

----------------
IN: 
0x06ff98a6:  
OBJD-T: 895c2404e80b650ff9

----------------
IN: 
0x000efdba:  
OBJD-T: 5557565383ec2889c3b888130000e8bbc6ffff

----------------
IN: 
0x000efdcd:  
OBJD-T: 89042431edbe030000008b0424e800c7ffff

----------------
IN: 
0x000efddf:  
OBJD-T: 85c07410

----------------
IN: 
0x000efdf3:  
OBJD-T: 8d7c2416b91000000031d289f8e8abb8ffff

----------------
IN: 
0x000efe05:  
OBJD-T: c644241600c643082031c08903897b1031c089430a89d8e858ffffff

----------------
IN: 
0x000efd79:  
OBJD-T: 56530fb7700a8b50040fb7521a0fafd681fa000001007e0d

----------------
IN: 
0x000efd9e:  
OBJD-T: 89c3e87cf3ffff

----------------
IN: 
0x000ef121:  
OBJD-T: 5557565381ecf00000008904248b68048a45003c710f8482010000

----------------
IN: 
0x000ef13c:  
OBJD-T: 7724

----------------
IN: 
0x000ef13e:  
OBJD-T: 3c600f84b2010000

----------------
IN: 
0x000ef146:  
OBJD-T: 7711

----------------
IN: 
0x000ef148:  
OBJD-T: 3c50746f

----------------
IN: 
0x000ef14c:  
OBJD-T: 3c510f8494000000

----------------
IN: 
0x000ef154:  
OBJD-T: e9cb050000

----------------
IN: 
0x000ef724:  
OBJD-T: 3c217424

----------------
IN: 
0x000ef74c:  
OBJD-T: 8b04248a58088d43fda8fd0f840a060000

----------------
IN: 
0x000ef75d:  
OBJD-T: 8d542451b90c0000008b0424e802c3ffff

----------------
IN: 
0x000eba70:  
OBJD-T: 5557565389d58a500880fa037707

----------------
IN: 
0x000eba85:  
OBJD-T: 80fa200f8486000000

----------------
IN: 
0x000ebb14:  
OBJD-T: 8b701089eff3a4

----------------
IN: 
0x000ebb1b:  
OBJD-T: 0fb7400c5b5e5f5dc3

----------------
IN: 
0x000ef76e:  
OBJD-T: 89c788d883ffff0f84ae040000

----------------
IN: 
0x000ef77b:  
OBJD-T: 8b452c668b306689742404668b5802b90c00000031d28d842484000000e813bf
OBJD-T: ffff

----------------
IN: 
0x000ef79d:  
OBJD-T: 6689bc2487000000c684248a000000a083c302b00a89daee

----------------
IN: 
0x000ef7b5:  
OBJD-T: 8d94248400000089e8e8cad9ffff

----------------
IN: 
0x000ef7c3:  
OBJD-T: 85c0740a

----------------
IN: 
0x000ef7d1:  
OBJD-T: 0fb76c240489e8e88dd9ffff

----------------
IN: 
0x000ef7dd:  
OBJD-T: 85c075e6

----------------
IN: 
0x000ef7e1:  
OBJD-T: 8d742451b9060000008b5424042666f36f

----------------
IN: 
0x000ef7f2:  
OBJD-T: 89daec

----------------
IN: 
0x000ef7f5:  
OBJD-T: 89e8e82bd9ffff

----------------
IN: 
0x000ef7fc:  
OBJD-T: 83f8ff74c6

----------------
IN: 
0x000ef801:  
OBJD-T: 89c683e6017408

----------------
IN: 
0x000ef808:  
OBJD-T: 8b54240442ec

----------------
IN: 
0x000ef80e:  
OBJD-T: ebb7

----------------
IN: 
0x000ef7c7:  
OBJD-T: b00889daee

----------------
IN: 
0x000ef7cc:  
OBJD-T: e97c050000

----------------
IN: 
0x000efd4d:  
OBJD-T: be0c000000eb18

----------------
IN: 
0x000efd6c:  
OBJD-T: 89f081c4f00000005b5e5f5dc3

----------------
IN: 
0x000efda5:  
OBJD-T: 85c0740e

----------------
IN: 
0x000efda9:  
OBJD-T: 0fb7530a39d67506

----------------
IN: 
0x000efdb1:  
OBJD-T: 66c7430a00005b5ec3

----------------
IN: 
0x000efe21:  
OBJD-T: 85c00f8498000000

----------------
IN: 
0x000efe29:  
OBJD-T: 8d442406b91000000031d2e877b8ffff

----------------
IN: 
0x000efe39:  
OBJD-T: c644240603c644240a12c6430820893b894310c7430a0100120089d8e81fffff
OBJD-T: ff

----------------
IN: 
0x000ef810:  
OBJD-T: 85ff750a

----------------
IN: 
0x000ef81e:  
OBJD-T: a80874a5

----------------
IN: 
0x000ef822:  
OBJD-T: 89fa8b0424e83bdaffff

----------------
IN: 
0x000ef82c:  
OBJD-T: 89c1b00889daee

----------------
IN: 
0x000ef833:  
OBJD-T: 85c9e9c6030000

----------------
IN: 
0x000efc00:  
OBJD-T: 0f8547010000

----------------
IN: 
0x000efc06:  
OBJD-T: e961010000

----------------
IN: 
0x000efdb7:  
OBJD-T: 5b5ec3

----------------
IN: 
0x000efe5a:  
OBJD-T: 85c00f8575ffffff

----------------
IN: 
0x000efe62:  
OBJD-T: 807c24223a7512

----------------
IN: 
0x000efe69:  
OBJD-T: 4e5668372f0f00e844d0ffff

----------------
IN: 
0x000efe75:  
OBJD-T: 5a5985f67441

----------------
IN: 
0x000efe7b:  
OBJD-T: 807c2422040f8551ffffff

----------------
IN: 
0x000efdd7:  
OBJD-T: 8b0424e800c7ffff

----------------
IN: 
0x000efebc:  
OBJD-T: b8ffffffff83c4285b5e5f5dc3

----------------
IN: 
0x06ff98af:  
OBJD-T: 85c07407

----------------
IN: 
0x06ff98b3:  
OBJD-T: 31dbe988000000

----------------
IN: 
0x06ff9942:  
OBJD-T: 89d881c4140800005bc3

----------------
IN: 
0x06ff9964:  
OBJD-T: 89c785c0741a

----------------
IN: 
0x06ff9984:  
OBJD-T: 85f67906

----------------
IN: 
0x06ff9988:  
OBJD-T: 8b354cfeff065389e989f2b803000000e8b751ffff

----------------
IN: 
0x06feebcf:  
OBJD-T: 7c25

----------------
IN: 
0x06feebf6:  
OBJD-T: 89ca8b09ebb9

----------------
IN: 
0x06feebb5:  
OBJD-T: 85c9750f

----------------
IN: 
0x06ff999d:  
OBJD-T: 585b5e5f5dc3

----------------
IN: 
0x06ff9c15:  
OBJD-T: 58e95f010000

----------------
IN: 
0x06ff9d7a:  
OBJD-T: 807c240300752a

----------------
IN: 
0x06ff22cc:  
OBJD-T: 0fb64500bac8000000e81affffff

----------------
IN: 
0x06ff22da:  
OBJD-T: f7d819dbeb22

----------------
IN: 
0x06ff2455:  
OBJD-T: 85c07522

----------------
IN: 
0x06ff2459:  
OBJD-T: c6052c990e006131d2b8f4000000e8befdffff

----------------
IN: 
0x06fee1bf:  
OBJD-T: ebed

----------------
IN: 
0x06ff246c:  
OBJD-T: 85c0750b

----------------
IN: 
0x06ff2470:  
OBJD-T: 68911c0f00e83faa0ff9

----------------
IN: 
0x06ff247a:  
OBJD-T: 5a585b5e5fc3

----------------
IN: 
0x06fee4f0:  
OBJD-T: 68610f0f00e8bfe90ff9

----------------
IN: 
0x06fee4fa:  
OBJD-T: 58c3

----------------
IN: 
0x06fee1c1:  
OBJD-T: c3

----------------
IN: 
0x06ffbed9:  
OBJD-T: e84a98ffff

----------------
IN: 
0x06ff5728:  
OBJD-T: 578d7c240883e4f8ff77fc5589e557565381ec1403000068c8250f00e870770f
OBJD-T: f9

----------------
IN: 
0x06ff5749:  
OBJD-T: b90003000031d28d85f0fcffffe8555f0ff9

----------------
IN: 
0x06ff575b:  
OBJD-T: 8b1d60feff06a1f8fdff068d70fc5983fefc7428

----------------
IN: 
0x06ff576f:  
OBJD-T: 8b4614247f663d00037415

----------------
IN: 
0x06ff577a:  
OBJD-T: 837e1c00750f

----------------
IN: 
0x06ff5780:  
OBJD-T: 8d8df0fcffff31d289f0e872feffff

----------------
IN: 
0x06fefdaf:  
OBJD-T: 89e9ba3000000089f0e817a60ff9

----------------
IN: 
0x06fefdbd:  
OBJD-T: 31db89d85a5b5e5f5dc3

----------------
IN: 
0x06ff578f:  
OBJD-T: 8b760483ee04ebd3

----------------
IN: 
0x06ff576a:  
OBJD-T: 83fefc7428

----------------
IN: 
0x06fec3be:  
OBJD-T: 89c883c01089430889d0eb02

----------------
IN: 
0x06ff5697:  
OBJD-T: 837c2404007418

----------------
IN: 
0x06ff569e:  
OBJD-T: 8d900000f4ffc1ea0b8b4c2404891cd1c744d104020000000fb7138b0c248944
OBJD-T: 2404e8e9fdffff

----------------
IN: 
0x06ff5555:  
OBJD-T: 0fb7431a813c0324506e50750f

----------------
IN: 
0x000ca003:  
OBJD-T: e9a200

----------------
IN: 
0x000ca0a8:  
OBJD-T: 601e060fa00fa8fc0e1fbe270331ffe84d04

----------------
IN: 
0x000ca507:  
OBJD-T: 50ac84c07405

----------------
IN: 
0x000ca50d:  
OBJD-T: e8d0ff

----------------
IN: 
0x000ca4e0:  
OBJD-T: 50535585ff7405

----------------
IN: 
0x000ca4ec:  
OBJD-T: bb0700b40e3c0a7504

----------------
IN: 
0x000ca4f5:  
OBJD-T: cd10

----------------
IN: 
0x000ca4f7:  
OBJD-T: b00dcd10

----------------
IN: 
0x000ca4fb:  
OBJD-T: 5d5b58c3

----------------
IN: 
0x000ca510:  
OBJD-T: ebf6

----------------
IN: 
0x000ca508:  
OBJD-T: ac84c07405

----------------
IN: 
0x000ca4f9:  
OBJD-T: cd10

----------------
IN: 
0x000ca512:  
OBJD-T: 58c3

----------------
IN: 
0x000ca0ba:  
OBJD-T: 8eeb31ffe83e04

----------------
IN: 
0x000ca4ff:  
OBJD-T: 50b020e8dbff

----------------
IN: 
0x000ca505:  
OBJD-T: 58c3

----------------
IN: 
0x000ca0c1:  
OBJD-T: a37a03e87504

----------------
IN: 
0x000ca53c:  
OBJD-T: 5086c4e8e4ff

----------------
IN: 
0x000ca526:  
OBJD-T: c0c804e80300

----------------
IN: 
0x000ca52f:  
OBJD-T: 50240f3c0a1c692fe8a6ff

----------------
IN: 
0x000ca53a:  
OBJD-T: 58c3

----------------
IN: 
0x000ca52c:  
OBJD-T: c0c80450240f3c0a1c692fe8a6ff

----------------
IN: 
0x000ca542:  
OBJD-T: b03ae899ff

----------------
IN: 
0x000ca547:  
OBJD-T: 88e0c0e803e8d7ff

----------------
IN: 
0x000ca54f:  
OBJD-T: b02ee88cff

----------------
IN: 
0x000ca554:  
OBJD-T: 88e02407e8d4ff

----------------
IN: 
0x000ca55b:  
OBJD-T: 58c3

----------------
IN: 
0x000ca0c7:  
OBJD-T: bf7b00e86f04

----------------
IN: 
0x000ca4e7:  
OBJD-T: 880547eb0f

----------------
IN: 
0x000ca0cd:  
OBJD-T: c60675002031ffe82804

----------------
IN: 
0x000ca0d7:  
OBJD-T: 8cc8e84304

----------------
IN: 
0x000ca51f:  
OBJD-T: 86c4e80200

----------------
IN: 
0x000ca524:  
OBJD-T: 86c4c0c804e80300

----------------
IN: 
0x000ca0dc:  
OBJD-T: 665366526657f9b801b1cd1a

----------------
IN: 
0x000ffe6e:  
OBJD-T: 80fcb10f8492d3

----------------
IN: 
0x000fd207:  
OBJD-T: fafc6650665166526653665566566657061e8cd08ed86689e3660fb7e46689e0
OBJD-T: 66e82af9ffff

----------------
IN: 
0x000fcb57:  
OBJD-T: 66556657665666536689c3678a401c3c0a0f842d02

----------------
IN: 
0x000fcb6c:  
OBJD-T: 0f878100

----------------
IN: 
0x000fcb70:  
OBJD-T: 6689de3c030f845e01

----------------
IN: 
0x000fcb79:  
OBJD-T: 772e

----------------
IN: 
0x000fcb7b:  
OBJD-T: 3c010f84c400

----------------
IN: 
0x000fcc45:  
OBJD-T: 67c7431010022e66a1cc55678843186766c74314504349206766c74304d9d10f
OBJD-T: 00eb04

----------------
IN: 
0x000fcc6c:  
OBJD-T: 6689f0e93102

----------------
IN: 
0x000fcea3:  
OBJD-T: 665b665e665f665de9b19c

----------------
IN: 
0x000f6b5f:  
OBJD-T: 67c6401d0067836024fe66c3

----------------
IN: 
0x000fd22d:  
OBJD-T: 6689dc1f07665f665e665d665b665a66596658cf

----------------
IN: 
0x000ca0e8:  
OBJD-T: 7256

----------------
IN: 
0x000ca0ea:  
OBJD-T: 6681fa50434920754d

----------------
IN: 
0x000ca0f3:  
OBJD-T: 84e47549

----------------
IN: 
0x000ca0f7:  
OBJD-T: be410331ffe80804

----------------
IN: 
0x000ca0ff:  
OBJD-T: 88f8e82b04

----------------
IN: 
0x000ca104:  
OBJD-T: b02ee8d703

----------------
IN: 
0x000ca109:  
OBJD-T: 88d8e81804

----------------
IN: 
0x000ca10e:  
OBJD-T: 80ff03722d

----------------
IN: 
0x000ca140:  
OBJD-T: 0e0fa9665f665a665bbbffef43742a

----------------
IN: 
0x000ca14f:  
OBJD-T: 8ec32666813e000024506e5075ef

----------------
IN: 
0x000ca14c:  
OBJD-T: 43742a

----------------
IN: 
0x000ca15d:  
OBJD-T: 31d231f6260fb60e050026ac00c2e2fa

----------------
IN: 
0x000ca167:  
OBJD-T: 26ac00c2e2fa

----------------
IN: 
0x000ca16d:  
OBJD-T: 75dd

----------------
IN: 
0x000ca16f:  
OBJD-T: be460331ffe89003

----------------
IN: 
0x000ca177:  
OBJD-T: eb00

----------------
IN: 
0x000ca179:  
OBJD-T: bbffdf430f84ad00

----------------
IN: 
0x000ca181:  
OBJD-T: 8ec32666813e000024504d4d75ed

----------------
IN: 
0x000ca17c:  
OBJD-T: 430f84ad00

----------------
IN: 
0x000ca18f:  
OBJD-T: 31d231f6260fb60e050026ac00c2e2fa

----------------
IN: 
0x000ca199:  
OBJD-T: 26ac00c2e2fa

----------------
IN: 
0x000ca19f:  
OBJD-T: 75db

----------------
IN: 
0x000ca1a1:  
OBJD-T: be4b0331ffe85e03

----------------
IN: 
0x000ca1a9:  
OBJD-T: 6660660fb60e0200030e800383c10783e1f866c1e10566bb0010ae18bd0e03e8
OBJD-T: ef00

----------------
IN: 
0x000ca2ba:  
OBJD-T: 665057bf200066536a0126ff1e0700

----------------
IN: 
0x06ffefe0:  
OBJD-T: 8b4b0283f9ff0f84f2feffff

----------------
IN: 
0x06ffefec:  
OBJD-T: 31d28b049564feff068b0085c0740f

----------------
IN: 
0x06ffeffb:  
OBJD-T: 3b400875f5

----------------
IN: 
0x06ffeff5:  
OBJD-T: 8b0085c0740f

----------------
IN: 
0x06fff00a:  
OBJD-T: 4283fa0575de

----------------
IN: 
0x06ffefee:  
OBJD-T: 8b049564feff068b0085c0740f

----------------
IN: 
0x06fff000:  
OBJD-T: 3b482875f0

----------------
IN: 
0x06fff010:  
OBJD-T: e9c9feffff

----------------
IN: 
0x06ffeede:  
OBJD-T: 31dbe946010000

----------------
IN: 
0x000ca2c9:  
OBJD-T: 83c4065250665e6646740c

----------------
IN: 
0x000ca2d4:  
OBJD-T: 664e7408

----------------
IN: 
0x000ca2e0:  
OBJD-T: 6a02665366516a0026ff1e0700

----------------
IN: 
0x06ffeeb1:  
OBJD-T: bf78feff06b87cfeff06eb0a

----------------
IN: 
0x06ffeec7:  
OBJD-T: 85f67545

----------------
IN: 
0x06ffef51:  
OBJD-T: 894c240489f289f8e867f9feff

----------------
IN: 
0x06ffef5e:  
OBJD-T: 89c385c0755d

----------------
IN: 
0x06ffefc6:  
OBJD-T: 89d8e831d3feff

----------------
IN: 
0x06ffefcd:  
OBJD-T: 85c0745a

----------------
IN: 
0x06ffefd1:  
OBJD-T: 39d87456

----------------
IN: 
0x06ffefd5:  
OBJD-T: 837810007450

----------------
IN: 
0x06ffefdb:  
OBJD-T: 896814eb4b

----------------
IN: 
0x000ca2ed:  
OBJD-T: 83c40c5250665ebf2b0089f831ffe8e201

----------------
IN: 
0x000ca2fe:  
OBJD-T: 6689f0e81002

----------------
IN: 
0x000ca514:  
OBJD-T: 66c1c810e80400

----------------
IN: 
0x000ca51b:  
OBJD-T: 66c1c81086c4e80200

----------------
IN: 
0x000ca304:  
OBJD-T: 66467402

----------------
IN: 
0x000ca308:  
OBJD-T: 664e5f6658c3

----------------
IN: 
0x000ca1cb:  
OBJD-T: 6689367c037420

----------------
IN: 
0x000ca1d2:  
OBJD-T: 0631c08ec06689f76631f6660fb60e020066c1e1076766f3a5

----------------
IN: 
0x000ca1eb:  
OBJD-T: 07a0a200a2020066b9a5b300006681c1ff2000006681e100e0ffff6689cbc1eb
OBJD-T: 0c6681cb0020ae18bd2503e8a100

----------------
IN: 
0x000ca219:  
OBJD-T: 6681c6ff0f00006681e600f0ffff6689368203666131db31f60fb60e0200c1e1
OBJD-T: 09ac00c3e2fb

----------------
IN: 
0x000ca23a:  
OBJD-T: ac00c3e2fb

----------------
IN: 
0x000ca23f:  
OBJD-T: 281e06008ce88ec00fb60e020031ffe8ae02

----------------
IN: 
0x000ca251:  
OBJD-T: e8cb02

----------------
IN: 
0x000ca254:  
OBJD-T: 8cce39f0740d

----------------
IN: 
0x000ca267:  
OBJD-T: c1e10931f631ff2ef3a4

----------------
IN: 
0x000ca26e:  
OBJD-T: 2ef3a4

----------------
IN: 
0x000ca271:  
OBJD-T: f6067a03077530

----------------
IN: 
0x000ca278:  
OBJD-T: be570331ffe88702

----------------
IN: 
0x000ca507:  
OBJD-T: 50ac84c07405

----------------
IN: 
0x000ca50d:  
OBJD-T: e8d0ff

----------------
IN: 
0x000ca4e0:  
OBJD-T: 50535585ff7405

----------------
IN: 
0x000ca4ec:  
OBJD-T: bb0700b40e3c0a7504

----------------
IN: 
0x000ca4f5:  
OBJD-T: cd10

----------------
IN: 
0x000ca4f7:  
OBJD-T: b00dcd10

----------------
IN: 
0x000ca4fb:  
OBJD-T: 5d5b58c3

----------------
IN: 
0x000ca510:  
OBJD-T: ebf6

----------------
IN: 
0x000ca508:  
OBJD-T: ac84c07405

----------------
IN: 
0x000ca4f9:  
OBJD-T: cd10

----------------
IN: 
0x000ca512:  
OBJD-T: 58c3

----------------
IN: 
0x000ca280:  
OBJD-T: be7100e88102

----------------
IN: 
0x000ca286:  
OBJD-T: be7303e87b02

----------------
IN: 
0x000ca28c:  
OBJD-T: bb02ffe8c801

----------------
IN: 
0x000ca45a:  
OBJD-T: 5150b401cd16

----------------
IN: 
0x000fe82e:  
OBJD-T: 666842e70000e937eb

----------------
IN: 
0x000fd36e:  
OBJD-T: fafc1e665066b880da00008ed866a190f16683e83067668f401c678f00676689
OBJD-T: 78046766897008676689680c676689581067668950146766894818678c400266
OBJD-T: 596766896028678c502c67668f4020678f40248cda8ed2

----------------
IN: 
0x000fd3c5:  
OBJD-T: 6689c4

----------------
IN: 
0x000fd3c8:  
OBJD-T: 66ffd1

----------------
IN: 
0x000fe742:  
OBJD-T: 66536689c366e8adadffff

----------------
IN: 
0x000f94fa:  
OBJD-T: 66566653665266be400000008ec626a11700c1e8046683e0076788442403268a
OBJD-T: 1e970088d86683e00767384424037431

----------------
IN: 
0x000f955b:  
OBJD-T: 6658665b665e66c3

----------------
IN: 
0x000fe74d:  
OBJD-T: 678a431d3c0a747d

----------------
IN: 
0x000fe755:  
OBJD-T: 7726

----------------
IN: 
0x000fe757:  
OBJD-T: 3c02744d

----------------
IN: 
0x000fe75b:  
OBJD-T: 770e

----------------
IN: 
0x000fe75d:  
OBJD-T: 6631c984c00f858200

----------------
IN: 
0x000fe7e8:  
OBJD-T: 6631d26689d8665be9cacf

----------------
IN: 
0x000fb7bd:  
OBJD-T: 66556657665666536689c36689d66689cf66e830d1ffff

----------------
IN: 
0x000f890f:  
OBJD-T: 66b9048900006631d26631c0e92ce8

----------------
IN: 
0x000fb7d4:  
OBJD-T: 66bd400000008ec5268b161a0026a11c0039d07515

----------------
IN: 
0x000fb7e9:  
OBJD-T: 6685f67508

----------------
IN: 
0x000fb7ee:  
OBJD-T: 67834b2440e99600

----------------
IN: 
0x000fb88c:  
OBJD-T: 665b665e665f665d66c3

----------------
IN: 
0x000fd3cb:  
OBJD-T: 6689e0678e502c

----------------
IN: 
0x000fd3d2:  
OBJD-T: 67668b6028

----------------
IN: 
0x000fd3d7:  
OBJD-T: 665a5a67ff70246766ff702067668b780467668b700867668b680c67668b5810
OBJD-T: 67668b501467668b4818678e40026766ff701c678e186658cf

----------------
IN: 
0x000ca460:  
OBJD-T: 7406

----------------
IN: 
0x000ca468:  
OBJD-T: b90000497815

----------------
IN: 
0x000ca483:  
OBJD-T: 5859c3

----------------
IN: 
0x000ca292:  
OBJD-T: 9c31ffe8c502

----------------
IN: 
0x000ca55d:  
OBJD-T: 5051b00de87cff

----------------
IN: 
0x000ca564:  
OBJD-T: b94f00e895ff

----------------
IN: 
0x000ca4ff:  
OBJD-T: 50b020e8dbff

----------------
IN: 
0x000ca505:  
OBJD-T: 58c3

----------------
IN: 
0x000ca56a:  
OBJD-T: e2fb

----------------
IN: 
0x000ca567:  
OBJD-T: e895ff

----------------
IN: 
0x000ca56c:  
OBJD-T: e871ff

----------------
IN: 
0x000ca56f:  
OBJD-T: 5958c3

----------------
IN: 
0x000ca298:  
OBJD-T: be7703e86902

----------------
IN: 
0x000ca29e:  
OBJD-T: 9d

----------------
IN: 
0x000ca29f:  
OBJD-T: 7507

----------------
IN: 
0x000ca2a8:  
OBJD-T: b00a31ffe83102

----------------
IN: 
0x000ca2af:  
OBJD-T: 0fa90fa1071f61b82000cb

----------------
IN: 
0x06ff5797:  
OBJD-T: 8d8df0fcffff31d2b8de250f00e80efeffff

----------------
IN: 
0x06ff55d2:  
OBJD-T: e8468fffff

----------------
IN: 
0x06fee51d:  
OBJD-T: 57565389c68bb88400000089f8e863deffff

----------------
IN: 
0x06fee52f:  
OBJD-T: 85c07511

----------------
IN: 
0x06fee544:  
OBJD-T: 89c389f989c289f0ff9688000000

----------------
IN: 
0x06fee552:  
OBJD-T: 85c07f02

----------------
IN: 
0x06fee558:  
OBJD-T: 89d85b5e5fc3

----------------
IN: 
0x06ff55d7:  
OBJD-T: 85c074e8

----------------
IN: 
0x06ff55db:  
OBJD-T: 85f67412

----------------
IN: 
0x06ff55df:  
OBJD-T: 8d900000f4ffc1ea0b891cd631c9894cd60489f931d2e8b4feffff

----------------
IN: 
0x06ff55fa:  
OBJD-T: ebc7

----------------
IN: 
0x06ff55c3:  
OBJD-T: 89da89e8e8506effff

----------------
IN: 
0x06fec434:  
OBJD-T: 8b19eb12

----------------
IN: 
0x06ff57a9:  
OBJD-T: 31c0e8e26bffff

----------------
IN: 
0x06ff57b0:  
OBJD-T: 3b1d60feff060f8375010000

----------------
IN: 
0x06ff57bc:  
OBJD-T: 89d8e8268c0ff9

----------------
IN: 
0x06ff57c3:  
OBJD-T: 85c07508

----------------
IN: 
0x06ff57cf:  
OBJD-T: 0fb64302c1e00905ff0700002500f8ffff01d88985e4fcffff0fb7731a01de81
OBJD-T: 3e24506e507521

----------------
IN: 
0x06ff57f6:  
OBJD-T: c785ecfcffff0100000085f67413

----------------
IN: 
0x06ff5804:  
OBJD-T: 89d8c1e8040fb7c08985e8fcffffe9ab000000

----------------
IN: 
0x06ff58c2:  
OBJD-T: 8b85ecfcffff8d48ff66837e1a007581

----------------
IN: 
0x06ff5853:  
OBJD-T: 8d85f0fcffff89dae857e6ffff

----------------
IN: 
0x06ff3eb7:  
OBJD-T: 5381ec0001000089cb81ea00000c00c1ea0b8d14d08b028b520485d27504

----------------
IN: 
0x06ff3ed9:  
OBJD-T: 89c183e2027432

----------------
IN: 
0x06ff3ee0:  
OBJD-T: bac7200f0089e0e867feffff

----------------
IN: 
0x06ff3eec:  
OBJD-T: 85db7419

----------------
IN: 
0x06ff3f09:  
OBJD-T: 89e0e800bfffff

----------------
IN: 
0x06ff3f10:  
OBJD-T: eb16

----------------
IN: 
0x06ff3f28:  
OBJD-T: 81c4000100005bc3

----------------
IN: 
0x06ff5860:  
OBJD-T: 89c20fb77e100fb74e1ab8ae250f006685ff7409

----------------
IN: 
0x06ff5874:  
OBJD-T: 89d825f0ff0f0001f88bbde8fcffffc1e71009f983faff7506

----------------
IN: 
0x06ff588d:  
OBJD-T: 8b1544feff0650b880000000e8b692ffff

----------------
IN: 
0x06ff589e:  
OBJD-T: c70544feff060f270000580fb776066685f67474

----------------
IN: 
0x06ff5926:  
OBJD-T: 8b9de4fcffffe97ffeffff

----------------
IN: 
0x06ff5817:  
OBJD-T: 8d85f0fcffff31c989dae891e6ffff

----------------
IN: 
0x06ff3ed5:  
OBJD-T: 85c0744a

----------------
IN: 
0x06ff3f12:  
OBJD-T: 8d400489da81c4000100005be945eaffff

----------------
IN: 
0x06ff2968:  
OBJD-T: 565381ec0001000089d350684f1e0f0068000100008d74240c56e896ffffff

----------------
IN: 
0x06ff2987:  
OBJD-T: 89f485db7418

----------------
IN: 
0x06ff29a5:  
OBJD-T: 89f0e864d4ffff

----------------
IN: 
0x06ff29ac:  
OBJD-T: 81c4000100005b5ec3

----------------
IN: 
0x06ff5826:  
OBJD-T: 89c2c1eb0489d9c1e11083c90383f8ff7506

----------------
IN: 
0x06ff5838:  
OBJD-T: 8b1548feff0668b6250f00b881000000e80793ffff

----------------
IN: 
0x06feebd1:  
OBJD-T: 8b1c243959f07fe0

----------------
IN: 
0x06feebd9:  
OBJD-T: 751b

----------------
IN: 
0x06ff584d:  
OBJD-T: 5ae9d3000000

----------------
IN: 
0x06ff5931:  
OBJD-T: 8d65f45b5e5f5d8d67f85fc3

----------------
IN: 
0x06ffbede:  
OBJD-T: ba0100000031c9b82b1f0f00e83022ffff

----------------
IN: 
0x06ffbeef:  
OBJD-T: 85c00f84791f0000

----------------
IN: 
0x06ffde70:  
OBJD-T: e83903ffff

----------------
IN: 
0x06ffde75:  
OBJD-T: a0c44c0f003c017409

----------------
IN: 
0x06ffde7e:  
OBJD-T: 3c02742e

----------------
IN: 
0x06ffde82:  
OBJD-T: e9cd010000

----------------
IN: 
0x06ffe054:  
OBJD-T: bac73e0f00b804000000e8ebe20ef9

----------------
IN: 
0x000ec34e:  
OBJD-T: 5389c389d189d0e826e0ffff

----------------
IN: 
0x000ec35a:  
OBJD-T: 505150ba0500000089d8e84bffffff

----------------
IN: 
0x000ec2b4:  
OBJD-T: 803d01990e00000f848c000000

----------------
IN: 
0x000ec34d:  
OBJD-T: c3

----------------
IN: 
0x000ec369:  
OBJD-T: 83c40c5bc3

----------------
IN: 
0x06ffe063:  
OBJD-T: 31db6a046860f6ff066a04b960f6ff06ba0400000089d8e835e20ef9

----------------
IN: 
0x06ffe07f:  
OBJD-T: 4383c40c83fb0875dd

----------------
IN: 
0x06ffe065:  
OBJD-T: 6a046860f6ff066a04b960f6ff06ba0400000089d8e835e20ef9

----------------
IN: 
0x06ffe088:  
OBJD-T: b8bc110f00e87e1dffff

----------------
IN: 
0x06ffe092:  
OBJD-T: 83f8ff7414

----------------
IN: 
0x06ffe0ab:  
OBJD-T: a140feff0683e810890424833c24f00f84ff030000

----------------
IN: 
0x06ffe0c0:  
OBJD-T: 8b04248b0083f8030f84c4030000

----------------
IN: 
0x06ffe0ce:  
OBJD-T: 7f0f

----------------
IN: 
0x06ffe0d0:  
OBJD-T: 83f801742f

----------------
IN: 
0x06ffe0d5:  
OBJD-T: 83f802747f

----------------
IN: 
0x06ffe159:  
OBJD-T: 8b04248b58040fb60575040000884424188944241c89d9ba75040000b820610f
OBJD-T: 00e87d03ffff

----------------
IN: 
0x06fee4fc:  
OBJD-T: 5389c30fb6023c0f7610

----------------
IN: 
0x06fee516:  
OBJD-T: 890c83fe025bc3

----------------
IN: 
0x06ffe17f:  
OBJD-T: 668b73026681feff007713

----------------
IN: 
0x06ffe18a:  
OBJD-T: 668b43068d50ffb0046683fa3e0f86a0000000

----------------
IN: 
0x06ffe19d:  
OBJD-T: 803b207521

----------------
IN: 
0x06ffe1a2:  
OBJD-T: 8b4b1489c8c1e80283c03983c880e670

----------------
IN: 
0x06ffe1b2:  
OBJD-T: e471

----------------
IN: 
0x06ffe1b4:  
OBJD-T: 0fb6c083e10301c9d3f883e003eb7a

----------------
IN: 
0x06ffe23d:  
OBJD-T: 8843198b7b1c66897c24080fb74b1e8b7b2066897c240c8b7b0c897c24148b53
OBJD-T: 103c030f8492000000

----------------
IN: 
0x06ffe266:  
OBJD-T: 3c040f84da000000

----------------
IN: 
0x06ffe26e:  
OBJD-T: 3c01741c

----------------
IN: 
0x06ffe272:  
OBJD-T: 3c020f84a3000000

----------------
IN: 
0x06ffe27a:  
OBJD-T: 8b6c240c89c88b742408bab3360f00e9cc000000

----------------
IN: 
0x06ffe35a:  
OBJD-T: 89c7663d00047616

----------------
IN: 
0x06ffe378:  
OBJD-T: ff7424140fb7c5500fb7c6500fb7c750520fb7442420500fb744242050515368
OBJD-T: d73e0f00e818eb0ef9

----------------
IN: 
0x06ffe3a1:  
OBJD-T: 6689730266897b0466896b0683c428837c241c010f8fce000000

----------------
IN: 
0x06ffe3bb:  
OBJD-T: 668b531e8b431c66894424088b5b2066895c240c0fb70d0e040000c1e104894c
OBJD-T: 24140fb64c2418c1e104894c24188b5c241401cb66c74342ffffb1c06683f808
OBJD-T: 7602

----------------
IN: 
0x06ffe3fd:  
OBJD-T: b1c8884b456689534966897b3d89f1884b3f89e9884b4b6639fa0f95c0663974
OBJD-T: 24080f95c108c87507

----------------
IN: 
0x06ffe426:  
OBJD-T: 66396c240c742f

----------------
IN: 
0x06ffe45c:  
OBJD-T: 66a10e040000837c241c007511

----------------
IN: 
0x06ffe469:  
OBJD-T: 66c705040100003d0066a306010000eb0f

----------------
IN: 
0x06ffe489:  
OBJD-T: 31d2b802000000eb1d

----------------
IN: 
0x06ffe4af:  
OBJD-T: e860e0feff

----------------
IN: 
0x06fec514:  
OBJD-T: 5389c183f8027535

----------------
IN: 
0x06fec51c:  
OBJD-T: a140ffff068d5801891d40ffff0685c07538

----------------
IN: 
0x06fec52e:  
OBJD-T: a1c84c0f0083f813772e

----------------
IN: 
0x06fec538:  
OBJD-T: 8d5801891dc84c0f00890cc5e04c0f008914c5e44c0f00eb15

----------------
IN: 
0x06fec566:  
OBJD-T: 5bc3

----------------
IN: 
0x06ffe4b4:  
OBJD-T: 8b04248b4010e9f1fbffff

----------------
IN: 
0x06ffe0b0:  
OBJD-T: 83e810890424833c24f00f84ff030000

----------------
IN: 
0x06ffe0df:  
OBJD-T: 3d810000000f85bd030000

----------------
IN: 
0x06ffe0ea:  
OBJD-T: 8b04240fb750040fb74006c1e00431c9e8270e0ff9

----------------
IN: 
0x000cb003:  
OBJD-T: 060e0731c0b900108d3e0003fcf3ab

----------------
IN: 
0x000cb012:  
OBJD-T: 07b82000e77e

----------------
IN: 
0x000cb018:  
OBJD-T: cb

----------------
IN: 
0x06ffe0ff:  
OBJD-T: e985030000

----------------
IN: 
0x06ffe104:  
OBJD-T: 8b04248b4804baa0610f00b8e0600f00e8e303ffff

----------------
IN: 
0x06ffe119:  
OBJD-T: 803da0610f0001751a

----------------
IN: 
0x06ffe122:  
OBJD-T: a11004000083e0be83c80166a310040000c6058f04000007eb11

----------------
IN: 
0x06ffe14d:  
OBJD-T: 31d2b801000000e956030000

----------------
IN: 
0x06fec551:  
OBJD-T: 83f80175d8

----------------
IN: 
0x06fec556:  
OBJD-T: a13cffff068d5801891d3cffff06ebc4

----------------
IN: 
0x06fec52a:  
OBJD-T: 85c07538

----------------
IN: 
0x06ffe492:  
OBJD-T: 8b04248b4804ba5cffff06b860610f00e85500ffff

----------------
IN: 
0x06ffe4a7:  
OBJD-T: 8b04248b50048b00e860e0feff

----------------
IN: 
0x06ffe4bf:  
OBJD-T: 31d2b801000000e849e0feff

----------------
IN: 
0x06ffe4cb:  
OBJD-T: b802000000e83fe0feff

----------------
IN: 
0x06ffe4d5:  
OBJD-T: 803d5cffff0600744f

----------------
IN: 
0x06ffe4de:  
OBJD-T: e89208ffff

----------------
IN: 
0x06feed75:  
OBJD-T: 833dcc600f00007528

----------------
IN: 
0x06feed7e:  
OBJD-T: b800080000e848fcffff

----------------
IN: 
0x06fee9d0:  
OBJD-T: b91000000089c2b888feff06e9e4feffff

----------------
IN: 
0x06feed88:  
OBJD-T: 85c07515

----------------
IN: 
0x06feeda1:  
OBJD-T: a3cc600f0031c0c3

----------------
IN: 
0x06ffe4e3:  
OBJD-T: 407447

----------------
IN: 
0x06ffe4e6:  
OBJD-T: b82c000000e8f104ffff

----------------
IN: 
0x06ffe4f0:  
OBJD-T: 85c07511

----------------
IN: 
0x06ffe505:  
OBJD-T: a3c8600f00b92c00000031d2e89ad10ef9

----------------
IN: 
0x06ffe516:  
OBJD-T: c6004066c7401a0002c7400cffffffffc74010ffffffff31db891dd0550f0089
OBJD-T: 1dd7550f00e821c00ef9

----------------
IN: 
0x06ffe540:  
OBJD-T: 89c6a160feff0689f129c131d2e85ed10ef9

----------------
IN: 
0x06ffe552:  
OBJD-T: 66c70655aab800000f0029f089c2c1ea093dffff01007605

----------------
IN: 
0x06ffe56f:  
OBJD-T: 8856020fb71d13040000c1e30a89d8996a02b900000a0029d931db5351e87402
OBJD-T: ffff

----------------
IN: 
0x06fee771:  
OBJD-T: 038608560f0013960c560f0039c789e919d1720a

----------------
IN: 
0x06fee785:  
OBJD-T: 8b0424e8d3f5ffff

----------------
IN: 
0x06fedd60:  
OBJD-T: 89c2a1e4550f008d48ff890de4550f008d42016bc01429d16bc9148d9000560f
OBJD-T: 0005ec550f00e9b7ffffff

----------------
IN: 
0x06fedd4a:  
OBJD-T: 89c7f3a4

----------------
IN: 
0x06fedd4e:  
OBJD-T: eb0d

----------------
IN: 
0x06fee78d:  
OBJD-T: ebc3

----------------
IN: 
0x06fee752:  
OBJD-T: 8b04243b05e4550f007d6a

----------------
IN: 
0x06ffe591:  
OBJD-T: 8b1d80feff0683c40c31ff85db7406

----------------
IN: 
0x06ffe5a0:  
OBJD-T: 89df8b1bebf6

----------------
IN: 
0x06ffe59c:  
OBJD-T: 85db7406

----------------
IN: 
0x06ffe5a6:  
OBJD-T: 8b47088b4f0c29c131d2e8fbd00ef9

----------------
IN: 
0x06ffe5b5:  
OBJD-T: ff770cff770856ff3560feff0668123f0f00e8ede80ef9

----------------
IN: 
0x06ffe5cc:  
OBJD-T: a184feff0683c41485c07406

----------------
IN: 
0x06ffe5d8:  
OBJD-T: 89c38b00ebf6

----------------
IN: 
0x06ffe5d4:  
OBJD-T: 85c07406

----------------
IN: 
0x06ffe5de:  
OBJD-T: 85db7429

----------------
IN: 
0x06ffe5e2:  
OBJD-T: 8b43088b5b0c29c381e300f0ffff31d26a0131ff5753e80802ffff

----------------
IN: 
0x06fee6b6:  
OBJD-T: ff0424ebb8

----------------
IN: 
0x06fee673:  
OBJD-T: 3934240f8d4b010000

----------------
IN: 
0x06fee6eb:  
OBJD-T: 89f989eb29c119d3894c2414895c24188944240489542408eb49

----------------
IN: 
0x06fee78f:  
OBJD-T: 89be00560f0089ae04560f0029f819ea898608560f0089960c560f008b4c241c
OBJD-T: 3b8e10560f007510

----------------
IN: 
0x06ffe5fd:  
OBJD-T: 5368393f0f00e8b1e80ef9

----------------
IN: 
0x06ffe608:  
OBJD-T: 83c414e8beddfeff

----------------
IN: 
0x06ffe610:  
OBJD-T: ff35e4550f0068583f0f00e899e80ef9

----------------
IN: 
0x06ffe620:  
OBJD-T: bb00560f005a5931f63b35e4550f007d4d

----------------
IN: 
0x06ffe631:  
OBJD-T: 8b038b530489c789d5037b08136b0c893c24896c24048b4b108d69ffbfca360f
OBJD-T: 0083fd047707

----------------
IN: 
0x06ffe657:  
OBJD-T: 8b3cad48f1ff065751ff74240cff74240c52505668703f0f00e844e80ef9

----------------
IN: 
0x06ffe675:  
OBJD-T: 4683c31483c420ebab

----------------
IN: 
0x06ffe629:  
OBJD-T: 3b35e4550f007d4d

----------------
IN: 
0x000ec833:  
OBJD-T: 83e908575089e8e8ecdaffff

----------------
IN: 
0x000ec83f:  
OBJD-T: 57b9080000008b54241089e8e842daffff

----------------
IN: 
0x000ec850:  
OBJD-T: 83c40ceb15

----------------
IN: 
0x000ec86a:  
OBJD-T: 8b1c24eb53

----------------
IN: 
0x06ffe67e:  
OBJD-T: c70508620f0002000000ba00000100b800000f00e846cf0ef9

----------------
IN: 
0x06ffe697:  
OBJD-T: 2805ffff0f00e8b3fe0ef9

----------------
IN: 
0x000ee555:  
OBJD-T: 53e87fbcffff

----------------
IN: 
0x000ee55b:  
OBJD-T: 85c0753e

----------------
IN: 
0x000ee55f:  
OBJD-T: 8b1df8490f0085db790d

----------------
IN: 
0x000ee576:  
OBJD-T: 0fb7dbba0200000089d8e840bfffff

----------------
IN: 
0x000ee585:  
OBJD-T: ba59000000663d37127405

----------------
IN: 
0x000ee595:  
OBJD-T: 89d85be91ec0ffff

----------------
IN: 
0x000ea5bb:  
OBJD-T: 5557565383ec1489d70f0989d683e6fc0fb7d889f289d8e8bafeffff

----------------
IN: 
0x000ea5d7:  
OBJD-T: 8944240c8d6e0489ea89d8e8aafeffff

----------------
IN: 
0x000ea5e7:  
OBJD-T: 8944241083e7038d443c0c890424e867ffffff

----------------
IN: 
0x000ea5fa:  
OBJD-T: 8944240831c089c2c1e20f8954240481c200800c0039542408731a

----------------
IN: 
0x000ea62f:  
OBJD-T: 8b0c24c6440101114083f80675c3

----------------
IN: 
0x000ea600:  
OBJD-T: 89c2c1e20f8954240481c200800c0039542408731a

----------------
IN: 
0x000ea615:  
OBJD-T: 8b54240481c200400c00395424087218

----------------
IN: 
0x000ea63d:  
OBJD-T: c6443c0c108b4c240c89f289d8e885fdffff

----------------
IN: 
0x000ea64f:  
OBJD-T: 8b4c241089ea89d883c4145b5e5f5de971fdffff

----------------
IN: 
0x06ffe6a2:  
OBJD-T: 81c42c0100005b5e5f5de9e31f0ff9

----------------
IN: 
0x000f0694:  
OBJD-T: 83ec28b90090080031d2b800700000e808b0ffff

----------------
IN: 
0x000f06a8:  
OBJD-T: b9260000008d442402e8faafffff

----------------
IN: 
0x000f06b6:  
OBJD-T: 66c74424260002ba63d00f000fb7d2e846c7ffff

----------------
IN: 
0x000fd063:  
OBJD-T: cd19

----------------
IN: 
0x000fe6f2:  
OBJD-T: e95aed

----------------
IN: 
0x000fd44f:  
OBJD-T: 31d28ed2

----------------
IN: 
0x000fd453:  
OBJD-T: 66bc00700000

----------------
IN: 
0x000fd459:  
OBJD-T: 66badd070f00e9c3fa

----------------
IN: 
0x000fcf25:  
OBJD-T: fafc6689c166b88f000000e670

----------------
IN: 
0x000fcf32:  
OBJD-T: e471

----------------
IN: 
0x000fcf34:  
OBJD-T: e492

----------------
IN: 
0x000fcf36:  
OBJD-T: 0c02e692

----------------
IN: 
0x000fcf3a:  
OBJD-T: 6689c82e0f011ef8612e0f0116b8610f20c16681e1ffffff1f6683c9010f22c1

----------------
IN: 
0x000fcf62:  
OBJD-T: b9100000008ed9

----------------
IN: 
0x000fcf69:  
OBJD-T: 8ec1

----------------
IN: 
0x000f07dd:  
OBJD-T: 6800480f006870420f00e8cdc6ffff

----------------
IN: 
0x000f07ec:  
OBJD-T: 687b420f00e8c3c6ffff

----------------
IN: 
0x000f07f6:  
OBJD-T: 31c0a318990e0083c40c31c0e9f1f9ffff

----------------
IN: 
0x000f01f8:  
OBJD-T: 565383ec283905c84c0f000f8e31010000

----------------
IN: 
0x000f0209:  
OBJD-T: 89c28b04c5e04c0f0083f803745e

----------------
IN: 
0x000f0217:  
OBJD-T: 7f24

----------------
IN: 
0x000f0219:  
OBJD-T: 83f801743a

----------------
IN: 
0x000f021e:  
OBJD-T: 83f8020f8518010000

----------------
IN: 
0x000f0227:  
OBJD-T: 68f02f0f00e860ecffff

----------------
IN: 
0x000eca80:  
OBJD-T: 833d08620f00017405

----------------
IN: 
0x000eca89:  
OBJD-T: b973cf0f0089f0ba46620000ffe1

----------------
IN: 
0x000fcf73:  
OBJD-T: b9200000008ed9

----------------
IN: 
0x000fcf7a:  
OBJD-T: 8ec1

----------------
IN: 
0x000fcf7c:  
OBJD-T: 8ed1

----------------
IN: 
0x000fcf7e:  
OBJD-T: 8ee1

----------------
IN: 
0x000fcf80:  
OBJD-T: 8ee966ea9dcf1800

----------------
IN: 
0x000f0231:  
OBJD-T: ba01000000b880000000eb2d

----------------
IN: 
0x000f026a:  
OBJD-T: e8aaedffff

----------------
IN: 
0x000ef019:  
OBJD-T: 565383ec2889c389d6b92600000031d28d442402e87ec6ffff

----------------
IN: 
0x000ef032:  
OBJD-T: 66c74424260002885c241666c7442404c00766c744241e0102c644241a01ba57
OBJD-T: d00f000fb7d2e8b3ddffff

----------------
IN: 
0x000fd057:  
OBJD-T: cd13

----------------
IN: 
0x000fe3fe:  
OBJD-T: e90ff0

----------------
IN: 
0x000fd410:  
OBJD-T: 66685dff0000e955ff

----------------
IN: 
0x000fff5d:  
OBJD-T: 66ba80da00006780781d4b7543

----------------
IN: 
0x000fffad:  
OBJD-T: 678a48148ec2268a166df184d2742a

----------------
IN: 
0x000fffe6:  
OBJD-T: 660fb6d1e930b7

----------------
IN: 
0x000fb71d:  
OBJD-T: 84d27837

----------------
IN: 
0x000fb758:  
OBJD-T: 80fadf7610

----------------
IN: 
0x000fb76d:  
OBJD-T: 67668d4a8080f90f771a

----------------
IN: 
0x000fb777:  
OBJD-T: 6683ea70660fb6d22e67668b1495e06000006685d27403

----------------
IN: 
0x000fb78e:  
OBJD-T: e945fc

----------------
IN: 
0x000fb3d6:  
OBJD-T: 665666536689d666b9400000008ec16631d22688168e00678a501d80fa140f84
OBJD-T: 6d01

----------------
IN: 
0x000fb3f8:  
OBJD-T: 7779

----------------
IN: 
0x000fb3fa:  
OBJD-T: 80fa080f843e01

----------------
IN: 
0x000fb401:  
OBJD-T: 7739

----------------
IN: 
0x000fb403:  
OBJD-T: 80fa030f841d01

----------------
IN: 
0x000fb40a:  
OBJD-T: 7718

----------------
IN: 
0x000fb40c:  
OBJD-T: 80fa010f84d800

----------------
IN: 
0x000fb413:  
OBJD-T: 80fa020f840501

----------------
IN: 
0x000fb51f:  
OBJD-T: 66b902000000eb06

----------------
IN: 
0x000fb52d:  
OBJD-T: 6689f2665b665ee91dfb

----------------
IN: 
0x000fb054:  
OBJD-T: 66556657665666536683ec186689c66689d067668954240867884c240c67660f
OBJD-T: b6561c678a5e186689df6683e73f88d1fec97807

----------------
IN: 
0x000fb088:  
OBJD-T: 6689f984c97509

----------------
IN: 
0x000fb098:  
OBJD-T: 66c1e30281e3000367660fb64e196609cb67660fb66e15678954240e66e85bbd
OBJD-T: ffff

----------------
IN: 
0x000f6e15:  
OBJD-T: 6689c22e66a1c8606639c27547

----------------
IN: 
0x000f6e69:  
OBJD-T: 665367668d42046689c166c1e9048ec16683e00f26678b0867668d42026689c3
OBJD-T: 66c1eb048ec36683e00f26678b006683c2066689d366c1eb048ec36683e20f26
OBJD-T: 678b1266c1e110660fb7c06609c8660fb7d2665b66c3

----------------
IN: 
0x000fb0ba:  
OBJD-T: 6689e9660fb6c939c1670f934424036689f9660fb6c939ca0f92c1670a4c2403
OBJD-T: 750b

----------------
IN: 
0x000fb0dc:  
OBJD-T: 6689c166c1e91039cb7208

----------------
IN: 
0x000fb0ef:  
OBJD-T: 660fbfdb660fb7c0660fafd86689e8660fb6e86601eb660fb7d2660fafda6689
OBJD-T: f8660fb6f867668d443bff6766894424106631c067668944241467660fb74602
OBJD-T: 66c1e00467660fb756106601d067668944240467668d44240466e888fbffff

----------------
IN: 
0x000facd6:  
OBJD-T: 665566576656665366516689c667660fb7780a67668b580467668d431a6689c2
OBJD-T: 66c1ea048ec26683e00f26678b00660fb7c0660fafc7663d000001007e0f

----------------
IN: 
0x000fad23:  
OBJD-T: 6689d866c1e8048ec06689d86683e00f26678a003c300f84fc01

----------------
IN: 
0x000fad3d:  
OBJD-T: 770d

----------------
IN: 
0x000fad3f:  
OBJD-T: 3c107412

----------------
IN: 
0x000fad43:  
OBJD-T: 3c200f84ab00

----------------
IN: 
0x000fadf4:  
OBJD-T: 678a46083c03743b

----------------
IN: 
0x000fadfc:  
OBJD-T: 770e

----------------
IN: 
0x000fadfe:  
OBJD-T: 84c07447

----------------
IN: 
0x000fae02:  
OBJD-T: 6631d23c027434

----------------
IN: 
0x000fae3d:  
OBJD-T: 6689f066e88ffbffff

----------------
IN: 
0x000fa9d5:  
OBJD-T: 66556657665666536683ec186689c36689d567668b700c67668b781067668d44
OBJD-T: 240c66b90c0000006631d266e83ac7ffff

----------------
IN: 
0x000faa06:  
OBJD-T: 67660fb7430a67894424023dff007733

----------------
IN: 
0x000faa16:  
OBJD-T: 6689f26689f96601c26683d1006766895424046766894c240866b8ffffff0f67
OBJD-T: 663b44240466b80000000067661b4424087340

----------------
IN: 
0x000faa89:  
OBJD-T: b0206685ed7402

----------------
IN: 
0x000faa92:  
OBJD-T: 6788442412678a442402678844240d678974240e6689f06689fa660facd01066
OBJD-T: c1ea106788442410660facfe1866c1ef186683e60f6689f06683c84067884424
OBJD-T: 1167668b4b042e67668b812c00f1ff2e678bb80000f1ff2e678bb00200f1ff66
OBJD-T: 83c602b00a6689f2ee

----------------
IN: 
0x000faafb:  
OBJD-T: 67668d54240c6689c866e875fcffff

----------------
IN: 
0x000fa77f:  
OBJD-T: 66556657665666536683ec086689d32e67668b902c00f1ff2e678a803000f1ff
OBJD-T: 6689c72e678baa0000f1ff660fb7c566e83effffff

----------------
IN: 
0x000fa6f2:  
OBJD-T: 660fb7c86631d266b880000000e97eff

----------------
IN: 
0x000fa680:  
OBJD-T: 66556657665666536689c36689d66689cf66b8007d000066e86fcfffff

----------------
IN: 
0x000f760c:  
OBJD-T: 66536689c366e858ffffff

----------------
IN: 
0x000f756f:  
OBJD-T: 2e8b16786085d2751b

----------------
IN: 
0x000f7593:  
OBJD-T: 66b980da000083fa40742a

----------------
IN: 
0x000f759e:  
OBJD-T: 66ed

----------------
IN: 
0x000f75a0:  
OBJD-T: 8ec126668b1634f16631d06625ffffff006631d06639d07306

----------------
IN: 
0x000f75bf:  
OBJD-T: 8ec12666a334f166c3

----------------
IN: 
0x000f7617:  
OBJD-T: 2e668b167c60660fafda6601d8665b66c3

----------------
IN: 
0x000fa69d:  
OBJD-T: 6689c567668d5707ec

----------------
IN: 
0x000fa6a6:  
OBJD-T: 88c26621da6689f138ca7506

----------------
IN: 
0x000fa6b2:  
OBJD-T: 660fb6c0eb30

----------------
IN: 
0x000fa6e8:  
OBJD-T: 665b665e665f665d66c3

----------------
IN: 
0x000fa7b4:  
OBJD-T: 66407509

----------------
IN: 
0x000fa7c1:  
OBJD-T: 678a43056683e04fb1a06689fa84d27402

----------------
IN: 
0x000fa7d4:  
OBJD-T: 6609c167668d5506ec

----------------
IN: 
0x000fa7dd:  
OBJD-T: 6689c788c8ee

----------------
IN: 
0x000fa7e3:  
OBJD-T: 6631f980e1107562

----------------
IN: 
0x000fa84d:  
OBJD-T: 660fb7c566e8abfeffff

----------------
IN: 
0x000fa702:  
OBJD-T: 665666536689c666e860ceffff

----------------
IN: 
0x000fa70f:  
OBJD-T: 6689c12e66a17c606669c09001000066053f420f0066bb40420f006631d266f7
OBJD-T: f367668d1c086689d866e8fc470000

----------------
IN: 
0x000fef3a:  
OBJD-T: 66536689c366e82a86ffff

----------------
IN: 
0x000fef45:  
OBJD-T: 6629d86685c00f9fc0660fb6c0665b66c3

----------------
IN: 
0x000fa73e:  
OBJD-T: 6685c07504

----------------
IN: 
0x000fa747:  
OBJD-T: 660fb7c6665b665ee9a0ff

----------------
IN: 
0x000fa857:  
OBJD-T: 66407590

----------------
IN: 
0x000fa7eb:  
OBJD-T: 678a43066788042467668d4501678944240467668d4505678944240667668b04
OBJD-T: 246625ee0000006683f8247546

----------------
IN: 
0x000fa85e:  
OBJD-T: 678a0367668b542404ee

----------------
IN: 
0x000fa868:  
OBJD-T: 678a430167668d5502ee

----------------
IN: 
0x000fa872:  
OBJD-T: 678a430267668d5503ee

----------------
IN: 
0x000fa87c:  
OBJD-T: 678a430367668d5504ee

----------------
IN: 
0x000fa886:  
OBJD-T: 678a4304678b542406ee

----------------
IN: 
0x000fa890:  
OBJD-T: 67668d5507678a0424ee

----------------
IN: 
0x000fa89a:  
OBJD-T: 6631c06683c408665b665e665f665d66c3

----------------
IN: 
0x000fab0a:  
OBJD-T: 6685c0740e

----------------
IN: 
0x000fab1d:  
OBJD-T: 660fb7c766e82bfcffff

----------------
IN: 
0x000fa752:  
OBJD-T: 660fb7c066e8a6ffffff

----------------
IN: 
0x000fa75c:  
OBJD-T: 6683f8ff741b

----------------
IN: 
0x000fa762:  
OBJD-T: a8017511

----------------
IN: 
0x000fa766:  
OBJD-T: 6683e0086683f8016619c06683e0fb66c3

----------------
IN: 
0x000fab27:  
OBJD-T: 6685c075e3

----------------
IN: 
0x000fab2c:  
OBJD-T: 66b9000200006689ea6689d866e86dfdffff

----------------
IN: 
0x000fa8ab:  
OBJD-T: 66556657665666536683ec186689c36766895424086766894c240c67668b4004
OBJD-T: 2e67668b802c00f1ff2e678b880000f1ff67894c24102e678b800200f1ff6789
OBJD-T: 44241267660fb76b0a67668b03676689042467668b44240c66d1f86766894424
OBJD-T: 04660fb7c167668944241467668b042466c1e80467668b3c246683e70f676683
OBJD-T: 7c2408007417

----------------
IN: 
0x000fa948:  
OBJD-T: 8ec067668b4c240467668b54241067f36d

----------------
IN: 
0x000fa959:  
OBJD-T: 678b44241267668d5002ec

----------------
IN: 
0x000fa964:  
OBJD-T: 67668b44241466e882fdffff

----------------
IN: 
0x000fa970:  
OBJD-T: 6683f8ff7506

----------------
IN: 
0x000fa97c:  
OBJD-T: 664d7425

----------------
IN: 
0x000fa9a5:  
OBJD-T: 6766837c2408007408

----------------
IN: 
0x000fa9b6:  
OBJD-T: 6625890000006685c07406

----------------
IN: 
0x000fa9c7:  
OBJD-T: 6683c418665b665e665f665d66c3

----------------
IN: 
0x000fab3e:  
OBJD-T: 6689c1b0086689f2ee

----------------
IN: 
0x000fab47:  
OBJD-T: 6685c975c9

----------------
IN: 
0x000fab4c:  
OBJD-T: 6689c86683c418665b665e665f665d66c3

----------------
IN: 
0x000fae46:  
OBJD-T: e90401

----------------
IN: 
0x000faf4d:  
OBJD-T: 6685c00f85e300

----------------
IN: 
0x000faf54:  
OBJD-T: 6631c0e9ee00

----------------
IN: 
0x000fb048:  
OBJD-T: 665a665b665e665f665d66c3

----------------
IN: 
0x000fb14e:  
OBJD-T: 678a5c240e67885e1c80cc9e6689c26689f066e827bfffff

----------------
IN: 
0x000f708d:  
OBJD-T: 66b94000000067807814007809

----------------
IN: 
0x000f70a3:  
OBJD-T: 8ec1268816740084d2740b

----------------
IN: 
0x000f70b9:  
OBJD-T: e9a3fa

----------------
IN: 
0x000fb166:  
OBJD-T: 6683c418665b665e665f665d66c3

----------------
IN: 
0x000fd059:  
OBJD-T: cb

----------------
IN: 
0x000ef05d:  
OBJD-T: f6442426017407

----------------
IN: 
0x000ef06b:  
OBJD-T: 85f6741b

----------------
IN: 
0x000ef06f:  
OBJD-T: 66813dfe7d000055aa7410

----------------
IN: 
0x000ef08a:  
OBJD-T: 803d01990e0000746b

----------------
IN: 
0x000ef0fe:  
OBJD-T: 0fb6d3b8007c0000e8acfeffff

----------------
IN: 
0x000eefb7:  
OBJD-T: 565383ec2889c389d60fb7c05089d8c1e8105068e7250f00e8e5deffff

----------------
IN: 
0x000eefd4:  
OBJD-T: b92600000031d28d44240ee8ccc6ffff

----------------
IN: 
0x000eefe4:  
OBJD-T: 66c74424320002895c242e89f08844242266c744242a55aa31c0

----------------
IN: 
0x000eeffe:  
OBJD-T: e8e5d8ffff

----------------
IN: 
0x000ec91a:  
OBJD-T: c6059ea10e00015bc3

----------------
IN: 
0x000ef003:  
OBJD-T: b951810f0031d28d44240ee816daffff

----------------
IN: 
0x00007c00:  
OBJD-T: fab800008ed88ec08ed0

----------------
IN: 
0x00007c0a:  
OBJD-T: bc007c

----------------
IN: 
0x00007c0d:  
OBJD-T: fb

----------------
IN: 
0x00007c0e:  
OBJD-T: b40e

----------------
IN: 
0x00007c10:  
OBJD-T: b042cd10

----------------
IN: 
0x00007c14:  
OBJD-T: b800108ec031dbb600b280b102b500b402b008cd13

----------------
IN: 
0x000fa6b8:  
OBJD-T: 6689e866e879480000

----------------
IN: 
0x000fa6c1:  
OBJD-T: 6685c0741a

----------------
IN: 
0x000fa6e0:  
OBJD-T: 66e81ee2ffff

----------------
IN: 
0x000fa6e6:  
OBJD-T: ebb8

----------------
IN: 
0x000fa6a0:  
OBJD-T: 67668d5707ec

----------------
IN: 
0x000fa980:  
OBJD-T: 67668b54240c67660114246625890000006683f8080f847dff

----------------
IN: 
0x000fa916:  
OBJD-T: 67668b042466c1e80467668b3c246683e70f6766837c2408007417

----------------
IN: 
0x00007c29:  
OBJD-T: 722f

----------------
IN: 
0x00007c2b:  
OBJD-T: b40eb04bcd10

----------------
IN: 
0x00007c31:  
OBJD-T: b40eb04ccd10

----------------
IN: 
0x00007c37:  
OBJD-T: b40eb047cd10

----------------
IN: 
0x00007c3d:  
OBJD-T: fa31c08ed80f0116797c31c08ed80f20c06683c8010f22c0

----------------
IN: 
0x00007c55:  
OBJD-T: ea7f7c0800

----------------
IN: 
0x00007c7f:  
OBJD-T: 66b810008ed8

----------------
IN: 
0x00007c85:  
OBJD-T: 8ec0

----------------
IN: 
0x00007c87:  
OBJD-T: 8ee08ed0

----------------
IN: 
0x00007c8b:  
OBJD-T: 8ee8

----------------
IN: 
0x00007c8d:  
OBJD-T: bd009c000089ec66c70500800b005007ea000001000800

----------------
IN: 
0x00007c94:  
OBJD-T: 66c70500800b005007

----------------
IN: 
0x00007c9d:  
OBJD-T: ea000001000800

----------------
IN: 
0x00010000:  
OBJD-T: e8fb010000

----------------
IN: 
0x00010200:  
OBJD-T: 5589e583ec10c745fc00800b008b45fcc600488b45fc83c001c600078b45fc83
OBJD-T: c002c600698b45fc83c003c60007ebfe

----------------
IN: 
0x00010210:  
OBJD-T: c60048

----------------
IN: 
0x00010213:  
OBJD-T: 8b45fc83c001c600078b45fc83c002c600698b45fc83c003c60007ebfe

----------------
IN: 
0x00010219:  
OBJD-T: c60007

----------------
IN: 
0x0001021c:  
OBJD-T: 8b45fc83c002c600698b45fc83c003c60007ebfe

----------------
IN: 
0x00010222:  
OBJD-T: c60069

----------------
IN: 
0x00010225:  
OBJD-T: 8b45fc83c003c60007ebfe

----------------
IN: 
0x0001022b:  
OBJD-T: c60007

----------------
IN: 
0x0001022e:  
OBJD-T: ebfe

